Number;"Group Link";Name;"Admin FIO";"Admin Name";"Admin ok url";"Group users number";"Admin code";"Admin site url";Invited;"Date showing";"Date upload"
1;https://ok.ru/group/52947816546451;"<div class=""ic __inline ic_premium"" title=""Официальная группа""></div>mere — что делать в самых красивых местах мира?";"Любовь Дронова";Любовь;https://ok.ru/profile/448698128019;2269;gefohozogira;http://mapstore.org/gathering/gefohozogira;yes;"2017.02.04 22:45:16";"2017.02.01 21:33:06"
2;https://ok.ru/group/51969616576732;"НЕСКУЧНЫЙ УЛЬЯНОВСК";"Татьяна )";Татьяна;https://ok.ru/profile/335693537500;9639;pibogapepora;http://mapstore.org/gathering/pibogapepora;yes;"2017.02.04 22:45:30";"2017.02.01 21:33:26"
3;https://ok.ru/group/51963471331526;"Забайкалье. Достопримечательности";"Serg Baykalov";Сергей;https://ok.ru/profile/562670657734;8134;zekigulifigi;http://mapstore.org/gathering/zekigulifigi;yes;"2017.02.04 22:46:01";"2017.02.01 21:33:31"
4;https://ok.ru/group/52208955818141;"Наш Касимов";"Александр Алексеев";Александр;https://ok.ru/profile/508615988125;6108;kafisosekodi;http://mapstore.org/gathering/kafisosekodi;yes;"2017.02.04 22:46:09";"2017.02.01 21:33:34"
5;https://ok.ru/group/52068211687603;"Красивейшие места планеты";"Елена Скворцова";Елена;https://ok.ru/profile/561325220019;4670;xoximimituza;http://mapstore.org/gathering/xoximimituza;yes;"2017.02.04 22:46:15";"2017.02.01 21:33:39"
6;https://ok.ru/group/52019177914545;"путешественник ТОП 777 (туризм, отдых,приключения)";"107 дорог туризм и бизнес";;https://ok.ru/profile/559883083441;3839;rimuzohevizi;http://mapstore.org/gathering/rimuzohevizi;yes;"2017.02.04 22:46:22";"2017.02.01 21:33:48"
7;https://ok.ru/group/53936770646267;"Польша и польский язык<span class=""ic __inline ic_closed""></span>";"Мила Польская";Мила;https://ok.ru/profile/551740455931;3270;goxiludesata;http://mapstore.org/gathering/goxiludesata;yes;"2017.02.04 22:46:28";"2017.02.01 21:33:52"
8;https://ok.ru/group/52515810443344;"Наша чудесная планета: интересные факты!";"Ирина )";Ирина;https://ok.ru/profile/528549505559;3122;nerebohodona;http://mapstore.org/gathering/nerebohodona;yes;"2017.02.04 22:46:35";"2017.02.01 21:33:54"
9;https://ok.ru/group/48073413624005;Швейцария;"Ярослава Солеанс";Ярослава;https://ok.ru/profile/344780109425;2687;lumehetibobi;http://mapstore.org/gathering/lumehetibobi;yes;"2017.02.04 22:46:48";"2017.02.01 21:34:00"
10;https://ok.ru/group/53736819785737;"Это ты, мой Тихорецк...";"Елена Казе";Елена;https://ok.ru/profile/525301919768;2630;rasediposezo;http://mapstore.org/gathering/rasediposezo;yes;"2017.02.04 22:46:48";"2017.02.01 21:34:02"
11;https://ok.ru/group/52422867550435;"Музеи и достопримечательности мира";"Татьяна Жебровская";Татьяна;https://ok.ru/profile/244495942115;2295;zemazadevipa;http://mapstore.org/gathering/zemazadevipa;yes;"2017.02.04 22:46:49";"2017.02.01 21:34:07"
12;https://ok.ru/group/54145483669735;"Путешествия на диване";"Юлия Ковальчук";Юлия;https://ok.ru/profile/128841302759;2245;zepubilosadu;http://mapstore.org/gathering/zepubilosadu;yes;"2017.02.04 22:46:49";"2017.02.01 21:34:08"
13;https://ok.ru/group/52370061262980;"Легенды Магнитки!";"Вика Лунева";Вика;https://ok.ru/profile/570170015876;1838;romexifurovo;http://mapstore.org/gathering/romexifurovo;yes;"2017.02.04 22:46:49";"2017.02.01 21:34:09"
14;https://ok.ru/group/54952888958994;"Экскурсии по Крыму - Амадин";"Сергей Кушнир";Сергей;https://ok.ru/profile/579853957394;1698;rubinipizemu;http://mapstore.org/gathering/rubinipizemu;yes;"2017.02.04 22:46:50";"2017.02.01 21:34:10"
15;https://ok.ru/group/52620607881391;"Живой Пятигорск";"Юлия Володина";Юлия;https://ok.ru/profile/573161597871;1409;turibokolube;http://mapstore.org/gathering/turibokolube;yes;"2017.02.04 22:46:50";"2017.02.01 21:34:19"
16;https://ok.ru/group/52158076682383;"Путешествия по Байкалу (89243912227,89146320891).";"Путешествия по Байкалу(8-924-391-22-27)";;https://ok.ru/profile/568069504143;1389;gafuvanibibi;http://mapstore.org/gathering/gafuvanibibi;yes;"2017.02.04 22:46:51";"2017.02.01 21:34:21"
17;https://ok.ru/group/54059886444775;"Достопримечательности Украины";"Наталія Гребович";Наталія;https://ok.ru/profile/572468015335;1339;dobavibolodi;http://mapstore.org/gathering/dobavibolodi;yes;"2017.02.04 22:46:51";"2017.02.01 21:34:22"
18;https://ok.ru/group/52865968046232;"Я В БИЙСКЕ";"Телекомпания ОТН";;https://ok.ru/profile/560279496600;1165;midugagiheka;http://mapstore.org/gathering/midugagiheka;yes;"2017.02.04 22:46:52";"2017.02.01 21:34:26"
19;https://ok.ru/group/52477955408073;"Достопримечательности России и мира";"Александра Соколова";Александра;https://ok.ru/profile/570659416009;1145;lurilozihana;http://mapstore.org/gathering/lurilozihana;yes;"2017.02.04 22:46:52";"2017.02.01 21:34:28"
20;https://ok.ru/group/57209726631989;"""ОЛЕ"". Экскурсии по Греции, уроки греческого.";"Svetlana Ryajentseva";Svetlana;https://ok.ru/profile/531022636853;1129;nisuguhohepi;http://mapstore.org/gathering/nisuguhohepi;yes;"2017.02.04 22:46:53";"2017.02.01 21:34:31"
21;https://ok.ru/group/51749495242867;"ПРАГА - город-сказка,  город-мечта!<span class=""ic __inline ic_closed""></span>";"Галина Ким";"Галина ----------------------------------";https://ok.ru/profile/97016114729;1091;mozofexigixi;http://mapstore.org/gathering/mozofexigixi;yes;"2017.02.04 22:46:53";"2017.02.01 21:34:32"
22;https://ok.ru/group/51964311175338;"Достопримечательности Питера<span class=""ic __inline ic_closed""></span>";"Саша Уварова";Саша------------------------------------;https://ok.ru/profile/544775800234;1022;gudixopifeke;http://mapstore.org/gathering/gudixopifeke;yes;"2017.02.04 22:46:54";"2017.02.01 21:34:37"
23;https://ok.ru/group/53733359878379;"ergo5- athens travel service";"christos kapathanasidis";christos;https://ok.ru/profile/571784228587;981;fodeboximuhi;http://mapstore.org/gathering/fodeboximuhi;yes;"2017.02.04 22:46:54";"2017.02.01 21:34:41"
24;https://ok.ru/group/43827692699859;"Путешествие по России и Союзу...";"Ирина Доровских (Шабалина)";Ирина--------------------------;https://ok.ru/profile/121330462807;980;geditazuxamu;http://mapstore.org/gathering/geditazuxamu;yes;"2017.02.04 22:46:56";"2017.02.01 21:34:42"
25;https://ok.ru/group/52058317586522;"Моя Франция";"Татьяна Плиско";Татьяна;https://ok.ru/profile/116719420762;931;rahukigihexe;http://mapstore.org/gathering/rahukigihexe;yes;"2017.02.04 22:46:56";"2017.02.01 21:34:43"
26;https://ok.ru/group/57174829891637;"Достопримечательности КРЫМА.";"Эдуард Ураков";Эдуард;https://ok.ru/profile/509051867189;802;butirabuhaha;http://mapstore.org/gathering/butirabuhaha;yes;"2017.02.04 22:46:57";"2017.02.01 21:34:46"
27;https://ok.ru/group/51919865970820;"ГОРОДА РОССИИ";"Алексей Админов";Алексей;https://ok.ru/profile/564752780420;709;fedakixarava;http://mapstore.org/gathering/fedakixarava;yes;"2017.02.04 22:46:57";"2017.02.01 21:34:49"
28;https://ok.ru/group/56878051295283;"Черногория 2016";"Вера Самарина";Вера----------------------;https://ok.ru/profile/572130804019;684;tanamihigaxu;http://mapstore.org/gathering/tanamihigaxu;yes;"2017.02.04 22:46:58";"2017.02.01 21:34:50"
29;https://ok.ru/group/47200101400784;"Вокруг Света с камерой.";"Ela W";Ela-------------------;https://ok.ru/profile/116434561812;670;futidanekoko;http://mapstore.org/gathering/futidanekoko;yes;"2017.02.04 22:46:58";"2017.02.01 21:34:52"
30;https://ok.ru/group/51632689512578;"ГЕО-45. Достопримечательности Зауралья.";"Вадим Осадчий";Вадим;https://ok.ru/profile/115455629442;507;fesulovasefa;http://mapstore.org/gathering/fesulovasefa;yes;"2017.02.04 22:46:59";"2017.02.01 21:35:06"
31;https://ok.ru/group/54869427617844;"Откройте для себя КРЫМ ""Через Горы к Морю""<span class=""ic __inline ic_closed""></span>";"Светлана Завада(Михайлова)";Светлана;https://ok.ru/profile/331862563029;492;xebuvuhodihu;http://mapstore.org/gathering/xebuvuhodihu;yes;"2017.02.05 13:22:36";"2017.02.05 13:15:21"
32;https://ok.ru/group/52799291064505;"Россия - путешествуем вместе!";"Лиза Ветрова";Лиза;https://ok.ru/profile/538323122873;440;budelikafoli;http://mapstore.org/gathering/budelikafoli;yes;"2017.02.05 13:22:49";"2017.02.05 13:15:28"
33;https://ok.ru/group/54623526256663;"Иммиграция в Чехию. Другая Жизнь.";"Другая Жизнь";Другая;https://ok.ru/profile/575304690711;432;funupazilake;http://mapstore.org/gathering/funupazilake;yes;"2017.02.05 13:22:58";"2017.02.05 13:15:30"
34;https://ok.ru/group/49680514744392;"Достопримечательности Сомино<span class=""ic __inline ic_closed""></span>";"юра куприянчик";юра;https://ok.ru/profile/359446209461;379;zovadadaxane;http://mapstore.org/gathering/zovadadaxane;yes;"2017.02.05 13:23:24";"2017.02.05 13:15:33"
35;https://ok.ru/group/56913706483748;"Замки и храмы мира :: Мифы и факты";"Наталья Калинина (Проскурнина)";Наталья;https://ok.ru/profile/570375577636;366;tukupolopure;http://mapstore.org/gathering/tukupolopure;yes;"2017.02.05 13:23:37";"2017.02.05 13:15:34"
36;https://ok.ru/group/52054926164032;"""ПАРК ФАНТАЗИЙ"" в Адыгее";"Славяна Бушнева";Славяна;https://ok.ru/profile/114132499008;345;xoteranotesu;http://mapstore.org/gathering/xoteranotesu;yes;"2017.02.05 13:23:55";"2017.02.05 13:15:39"
37;https://ok.ru/group/51585835663493;"Мой город Клецк. Я люблю Клецк. Клецкий район";"Enegiyaby Web-Service";Enegiyaby---------------------;https://ok.ru/profile/530590305925;282;lobezirokuru;http://mapstore.org/gathering/lobezirokuru;yes;"2017.02.05 13:24:22";"2017.02.05 13:15:50"
38;https://ok.ru/group/55580740288571;"НОВОБОРЦЫ<span class=""ic __inline ic_closed""></span>";"Любовь Романова";Любовь;https://ok.ru/profile/511243643118;280;tasezirubifo;http://mapstore.org/gathering/tasezirubifo;yes;"2017.02.05 13:24:24";"2017.02.05 13:15:51"
39;https://ok.ru/group/51972616945885;"Интересная Сибирь";"Наталья Алемчук";Наталья;https://ok.ru/profile/338775773;265;nokedafivavu;http://mapstore.org/gathering/nokedafivavu;yes;"2017.02.05 13:24:44";"2017.02.05 13:15:53"
40;https://ok.ru/group/55738361774115;"Любимое село Русская Гвоздевка";"Меня нет и там и здесь больше нет";Меня;https://ok.ru/profile/464007825607;249;sinamabegora;http://mapstore.org/gathering/sinamabegora;yes;"2017.02.05 13:25:50";"2017.02.05 13:15:54"
41;https://ok.ru/group/53270861906033;"Московский ЭКзоопарк";"Елена Перфильева";Елена;https://ok.ru/profile/560987985521;240;feberexexenu;http://mapstore.org/gathering/feberexexenu;yes;"2017.02.05 13:26:12";"2017.02.05 13:15:57"
42;https://ok.ru/group/51985027432656;"Ананасовый Экспресс, Нячанг, Вьетнам";"Ананасовый Экспресс";Ананасовый;https://ok.ru/profile/560544646608;216;lomeveditope;http://mapstore.org/gathering/lomeveditope;yes;"2017.02.05 13:26:24";"2017.02.05 13:16:02"
43;https://ok.ru/group/53447258865787;"Всё о туризме и отдыхе в Гороховце";"Ольга Стрелецкая";Ольга;https://ok.ru/profile/560150044283;197;vonalagilesa;http://mapstore.org/gathering/vonalagilesa;yes;"2017.02.05 13:26:36";"2017.02.05 13:16:06"
44;https://ok.ru/group/51904236814497;"Город Советск-Тильзит";"Природа Живая";Природа;https://ok.ru/profile/544170446497;192;lohezokemure;http://mapstore.org/gathering/lohezokemure;yes;"2017.02.05 13:36:09";"2017.02.05 13:16:09"
45;https://ok.ru/group/51927436230832;"История Полтавы в фотографиях";"Ольга Прямой Поставщик";Ольга;https://ok.ru/profile/557415383216;191;dovukigadogi;http://mapstore.org/gathering/dovukigadogi;yes;"2017.02.05 13:36:17";"2017.02.05 13:16:11"
46;https://ok.ru/group/52643676225713;"Достопримечательности России";"Антон Гончаров";Антон;https://ok.ru/profile/569536283057;190;viberokamoli;http://mapstore.org/gathering/viberokamoli;yes;"2017.02.05 13:46:26";"2017.02.05 13:16:12"
47;https://ok.ru/group/52939043111139;"Путешествия по России";"Е. C.";Е.;https://ok.ru/profile/113029208035;181;lovunigofapi;http://mapstore.org/gathering/lovunigofapi;no;;"2017.02.05 13:16:14"
48;https://ok.ru/group/46652387754088;"Резиденты и Достопримечательности Sharm El Sheikha<span class=""ic __inline ic_closed""></span>";"Елена امينة Колдышева (Mourad) مراد";Елена;https://ok.ru/profile/578231193;177;nosomufelara;http://mapstore.org/gathering/nosomufelara;no;;"2017.02.05 13:16:15"
49;https://ok.ru/group/53792750633197;"Харьков. Экскурсии виртуальные и реальные.";"Елена Филимонова";Елена;https://ok.ru/profile/202938551789;177;zudipivagoxo;http://mapstore.org/gathering/zudipivagoxo;no;;"2017.02.05 13:16:16"
50;https://ok.ru/group/52831595331813;"Достопримечательности Украины";"Студія ТЕКСТ-СТАНДАРТ";Студія;https://ok.ru/profile/551896394981;172;falefuvotohe;http://mapstore.org/gathering/falefuvotohe;no;;"2017.02.05 13:16:17"
51;https://ok.ru/group/52957517709555;"Экскурсии и Туры в Израиле гида Светланы Фиалковой";"Гид по Израилю Светлана Фиалкова";Гид;https://ok.ru/profile/144010711539;158;pipupebigazu;http://mapstore.org/gathering/pipupebigazu;no;;"2017.02.05 13:16:21"
52;https://ok.ru/group/56841814868031;"Travel 48";"Евгения Аленина ЛаКосточка";Евгения;https://ok.ru/profile/569926565439;153;ruvunopoxuza;http://mapstore.org/gathering/ruvunopoxuza;no;;"2017.02.05 13:16:24"
53;https://ok.ru/group/51524717314215;"all-ukraine - путеводитель по Украине";"Ольга Шуминская";Ольга;https://ok.ru/profile/118464199335;150;zusomazamiba;http://mapstore.org/gathering/zusomazamiba;no;;"2017.02.05 13:16:25"
54;https://ok.ru/group/52988880355431;"Музей-диорама ""Огненная дуга""";"Наталья Писаренко";Наталья;https://ok.ru/profile/224433872492;149;tarufotunora;http://mapstore.org/gathering/tarufotunora;no;;"2017.02.05 13:16:26"
55;https://ok.ru/group/53010979815635;"Достопримечательности Куйбышевского района 2016";"Дарья Капустянская";Дарья;https://ok.ru/profile/457935507411;188;mesegolepaza;http://mapstore.org/gathering/mesegolepaza;no;;"2017.02.05 13:16:29"
56;https://ok.ru/group/51105471004764;"Достопримечательности Донецка";"Андрей Чумак";Андрей;https://ok.ru/profile/481949438230;140;gudomatefige;http://mapstore.org/gathering/gudomatefige;no;;"2017.02.05 13:16:30"
57;https://ok.ru/group/52161390968971;"Санкт-Петербург путеводитель";"Санкт-Петербург путеводитель";Санкт-Петербург;https://ok.ru/profile/568097943179;137;fafososabipe;http://mapstore.org/gathering/fafososabipe;no;;"2017.02.05 13:16:31"
58;https://ok.ru/group/49252547756103;"Terra Ucraina<span class=""ic __inline ic_closed""></span>";"Антон Арестов";Антон;https://ok.ru/profile/182468994729;135;funofitekudu;http://mapstore.org/gathering/funofitekudu;no;;"2017.02.05 13:16:34"
59;https://ok.ru/group/56689431609388;"Самостоятельные путешествия по России";"Petr Kushnir";Petr;https://ok.ru/profile/570790335788;126;zudakelilifa;http://mapstore.org/gathering/zudakelilifa;no;;"2017.02.05 13:16:36"
60;https://ok.ru/group/51956146897021;"За туризм в Полевском, культуру и образование!";"Станислав Карпов";Станислав;https://ok.ru/profile/192923933192;126;kuhikusivaga;http://mapstore.org/gathering/kuhikusivaga;no;;"2017.02.05 13:16:38"
61;https://ok.ru/group/54585416286225;"Хвалынск и его достопримечательности";"Никита Дементьев";Никита;https://ok.ru/profile/566736071185;122;rulativokuvo;http://mapstore.org/gathering/rulativokuvo;no;;"2017.02.05 13:16:44"
62;https://ok.ru/group/53328144040168;;"Жыргал ";Жыргал;https://ok.ru/profile/559175051496;119;hehotitakapo;http://mapstore.org/gathering/hehotitakapo;no;;"2017.02.05 13:16:46"
63;https://ok.ru/group/52382813126742;"Достопримечательности Куйбышевского района<span class=""ic __inline ic_closed""></span>";"♥E ♥S♥";♥E;https://ok.ru/profile/437717043030;160;zedumevaheda;http://mapstore.org/gathering/zedumevaheda;no;;"2017.02.05 13:16:48"
64;https://ok.ru/group/52376810291363;"Светлый отдых в Суздале";"Роман Киселев";Роман;https://ok.ru/profile/55632164771;111;suvaxovexaxo;http://mapstore.org/gathering/suvaxovexaxo;no;;"2017.02.05 13:16:51"
65;https://ok.ru/group/47603682967664;"Достопримечательности Мира<span class=""ic __inline ic_closed""></span>";"Вера vera";Вера;https://ok.ru/profile/339269197050;108;novutimosina;http://mapstore.org/gathering/novutimosina;no;;"2017.02.05 13:16:54"
66;https://ok.ru/group/52857133269117;"Променад по Киеву";"Елена Кинеж";Елена;https://ok.ru/profile/481659852669;106;xiharegikane;http://mapstore.org/gathering/xiharegikane;no;;"2017.02.05 13:16:56"
67;https://ok.ru/group/56814439497770;"Лучший отдых";"Елена Беляева (Леонова)";Елена;https://ok.ru/profile/456117705002;104;remimehubavo;http://mapstore.org/gathering/remimehubavo;no;;"2017.02.05 13:16:57"
68;https://ok.ru/group/52874896212081;"Ваш личный гид по Хайнаню";"Иван Павлов";Иван;https://ok.ru/profile/533217796721;95;pemezamuloba;http://mapstore.org/gathering/pemezamuloba;no;;"2017.02.05 13:17:02"
69;https://ok.ru/group/51605461860482;"Андреевка любимая моя!!!!";"Алёна Попова";Алёна;https://ok.ru/profile/554290774914;92;denihasulanu;http://mapstore.org/gathering/denihasulanu;no;;"2017.02.05 13:17:05"
70;https://ok.ru/group/54276699193344;"Сувениры с видами городов мира";"Иван Смирнов";Иван;https://ok.ru/profile/558809861888;90;nuvizokibuva;http://mapstore.org/gathering/nuvizokibuva;no;;"2017.02.05 13:17:06"
71;https://ok.ru/group/44780898222212;"Достопримечательности и просто красивые места";"Вадим Шаихов";Вадим;https://ok.ru/profile/87606525907;81;vevebukadune;http://mapstore.org/gathering/vevebukadune;no;;"2017.02.05 13:17:12"
72;https://ok.ru/group/52181254078684;СмотриРодину;"Игорь Кармазин";Игорь;https://ok.ru/profile/304783888860;80;xekelufurumo;http://mapstore.org/gathering/xekelufurumo;no;;"2017.02.05 13:17:16"
73;https://ok.ru/group/55568998203455;"Достопримечательности Волгограда и Волгоградский о";"Леонид Харитонов. &quot; L E O &quot;";Леонид;https://ok.ru/profile/309738599506;76;rugopasilisi;http://mapstore.org/gathering/rugopasilisi;no;;"2017.02.05 13:17:22"
74;https://ok.ru/group/51215742075069;"Семикаракорские и его р-оные достопримечательности<span class=""ic __inline ic_closed""></span>";"Иван Михайлович";Иван;https://ok.ru/profile/449062466776;75;mapizaxukefo;http://mapstore.org/gathering/mapizaxukefo;no;;"2017.02.05 13:17:23"
75;https://ok.ru/group/53904983523358;"Жители Лорийской области!Её достопримечательности!";"Мхитар Саакян";Мхитар;https://ok.ru/profile/280652286491;71;desogemubopo;http://mapstore.org/gathering/desogemubopo;no;;"2017.02.05 13:17:26"
76;https://ok.ru/group/56906067804203;"vPinsk.by - Сайт города Пинска";"Виктор Dkr";Виктор;https://ok.ru/profile/375816121387;70;tedexusexezu;http://mapstore.org/gathering/tedexusexezu;no;;"2017.02.05 13:17:28"
77;https://ok.ru/group/43221946925281;"Достопримечательности  нашего города (Leipzig) (";"Игорь Kotelewetz  (Котелевец)";Игорь;https://ok.ru/profile/224917777;69;lurofunedebe;http://mapstore.org/gathering/lurofunedebe;no;;"2017.02.05 13:17:30"
78;https://ok.ru/group/50970925465790;"туристическая фирма БОНА ВИТА г. Киев";"Наталия Родичева (Скопич)";Наталия;https://ok.ru/profile/136850281803;66;mififodudefa;http://mapstore.org/gathering/mififodudefa;no;;"2017.02.05 13:17:35"
79;https://ok.ru/group/52044953026645;"Наше Зыково.";"Наталья Юрьевна";Наталья;https://ok.ru/profile/551935735125;66;bulufesiheke;http://mapstore.org/gathering/bulufesiheke;no;;"2017.02.05 13:17:36"
80;https://ok.ru/group/54116003282944;"Достопримечательности г. Истаравшана(Ура-тюбе)";"Джурабек Ачилов";Джурабек;https://ok.ru/profile/558027192320;65;guredonifobe;http://mapstore.org/gathering/guredonifobe;no;;"2017.02.05 13:17:37"
81;https://ok.ru/group/55484900900899;"Достопримечательности Санкт-Петербурга";"ღ♡ Полина ღ♡";ღ♡;https://ok.ru/profile/354916330565;64;nahokirekahi;http://mapstore.org/gathering/nahokirekahi;no;;"2017.02.05 13:17:39"
82;https://ok.ru/group/54770489557002;"Сплавы по рекам. Активный отдых";"Ольга Невская";Ольга;https://ok.ru/profile/20608231946;62;mudokedigote;http://mapstore.org/gathering/mudokedigote;no;;"2017.02.05 13:17:41"
83;https://ok.ru/group/52130879373403;"Алматы: вчера, сегодня, завтра";"АН 61";АН;https://ok.ru/profile/142027294299;60;mevoduzobehe;http://mapstore.org/gathering/mevoduzobehe;no;;"2017.02.05 13:17:44"
84;https://ok.ru/group/51984775839905;"(АНТИ)Достопримечательности Сергиево-посада!";"Александр Воронин";Александр;https://ok.ru/profile/341321445793;58;tutabarizofe;http://mapstore.org/gathering/tutabarizofe;no;;"2017.02.05 13:17:46"
85;https://ok.ru/group/51750262014086;"Здесь были Саморосенки: frog-travelers.ru";"Марина Саморосенко (Баранок)";Марина;https://ok.ru/profile/14050797702;57;deveboribida;http://mapstore.org/gathering/deveboribida;no;;"2017.02.05 13:17:49"
86;https://ok.ru/group/51926864101552;"Достопримечательности Полтавы";"Ольга Прямой Поставщик";Ольга;https://ok.ru/profile/557415383216;55;latikavazigu;http://mapstore.org/gathering/latikavazigu;no;;"2017.02.05 13:17:50"
87;https://ok.ru/group/57347646619694;"ОТДЫХ В КРЫМУ, ДОСТОПРИМЕЧАТЕЛЬНОСТИ КРЫМА";"Василий Златин";Василий;https://ok.ru/profile/524952384814;55;pumipixovobu;http://mapstore.org/gathering/pumipixovobu;no;;"2017.02.05 13:17:51"
88;https://ok.ru/group/54137103646971;"Сочи. Мероприятия. Куда сходить. Что посмотреть.";"Ольга Черепухина";Ольга;https://ok.ru/profile/311253195259;55;lokigepomibo;http://mapstore.org/gathering/lokigepomibo;no;;"2017.02.05 13:17:52"
89;https://ok.ru/group/51814576947364;"Художественная галерея ""Старый город""";"Дмитрий Жиганков";Дмитрий;https://ok.ru/profile/47021279140;55;muximamabupo;http://mapstore.org/gathering/muximamabupo;no;;"2017.02.05 13:17:54"
90;https://ok.ru/group/52895590121548;"Рим для всех и каждого";"Anna Capitolina";Anna;https://ok.ru/profile/567828268620;55;mihegegobide;http://mapstore.org/gathering/mihegegobide;no;;"2017.02.05 13:17:55"
91;https://ok.ru/group/50822286278792;"достопримечательности Тихорецка";"(((Senya )))";(((Senya;https://ok.ru/profile/509456091977;54;xovedufitabe;http://mapstore.org/gathering/xovedufitabe;no;;"2017.02.05 13:17:57"
92;https://ok.ru/group/55690748559398;"ДОСТОПРИМЕЧАТЕЛЬНОСТИ СВЕРДЛОВСКОЙ ОБЛОСТИ";"Юлия Глазырина";Юлия;https://ok.ru/profile/513081601276;54;fikakusulafo;http://mapstore.org/gathering/fikakusulafo;no;;"2017.02.05 13:17:59"
93;https://ok.ru/group/51640391172240;"с.Красное и достопримечательности с. Красного";"Татьяна Бучнева (мартюшова)";Татьяна;https://ok.ru/profile/554970044560;52;lehixerodife;http://mapstore.org/gathering/lehixerodife;no;;"2017.02.05 13:18:01"
94;https://ok.ru/group/56735692685360;"Ессентуки КМВ";"Евгений и Екатерина Галкины";Евгений;https://ok.ru/profile/569872204848;52;letakulihopo;http://mapstore.org/gathering/letakulihopo;no;;"2017.02.05 13:18:02"
95;https://ok.ru/group/54950695272469;"Удивительные и незабываемые туры по острову Бали";;;https://ok.ru/profile/578199878165;52;renalotudagu;http://mapstore.org/gathering/renalotudagu;no;;"2017.02.05 13:18:03"
96;https://ok.ru/group/53873037934837;"Надежда Крыма.";"Надежда Бирюкова (Бекирова)";Надежда;https://ok.ru/profile/214210719221;50;mutilutogizi;http://mapstore.org/gathering/mutilutogizi;no;;"2017.02.05 13:18:07"
97;https://ok.ru/group/53015759028475;"Достопримечательности Токмока))";"SAGYNALIEV Сули MУХАМЕТОВИЧ";SAGYNALIEV;https://ok.ru/profile/541047866619;48;lezofokuzuxe;http://mapstore.org/gathering/lezofokuzuxe;no;;"2017.02.05 13:18:11"
98;https://ok.ru/group/43228766666887;"Достопримечательности Яваса";"Валентина Кяльгина (Комарова)";Валентина;https://ok.ru/profile/104828556594;46;pogotirekivo;http://mapstore.org/gathering/pogotirekivo;no;;"2017.02.05 13:18:13"
99;https://ok.ru/group/52108748783717;"Активный отдых на байдарках.";"Сергей Акулов";Сергей;https://ok.ru/profile/247077974596;44;honigiboxaha;http://mapstore.org/gathering/honigiboxaha;no;;"2017.02.05 13:18:20"
100;https://ok.ru/group/50995091013793;"Наша маленькая родина-любимая Хмелевка!<span class=""ic __inline ic_closed""></span>";"Людмила Улитина (Тиунова)";Людмила;https://ok.ru/profile/99686775485;43;roxonubaneve;http://mapstore.org/gathering/roxonubaneve;no;;"2017.02.05 13:18:21"
101;https://ok.ru/group/51421844209752;"Сыктывкарский журнал об отдыхе и путешествиях";"Андрей Савинов";Андрей;https://ok.ru/profile/93613648898;42;ripaxitabese;http://mapstore.org/gathering/ripaxitabese;no;;"2017.02.05 13:18:23"
102;https://ok.ru/group/52787870236758;"Достопримечательности Куйбышевского района (2015)";"♥E ♥S♥";♥E;https://ok.ru/profile/437717043030;46;vovotavivobe;http://mapstore.org/gathering/vovotavivobe;no;;"2017.02.05 13:18:29"
103;https://ok.ru/group/56791381049377;"Достопримечательности с Чернятино<span class=""ic __inline ic_closed""></span>";;;https://ok.ru/profile/517633533729;38;nanahekuvuzo;http://mapstore.org/gathering/nanahekuvuzo;no;;"2017.02.05 13:18:31"
104;https://ok.ru/group/52011477696647;"Туристические поездки по Уралу";"Виталий Подставкин";Виталий;https://ok.ru/profile/527645732231;38;hoxebopukira;http://mapstore.org/gathering/hoxebopukira;no;;"2017.02.05 13:18:32"
105;https://ok.ru/group/50901146140815;"города и достопримечательности";"лёша козлов";лёша;https://ok.ru/profile/510149560560;37;rinifivopisu;http://mapstore.org/gathering/rinifivopisu;no;;"2017.02.05 13:18:35"
106;https://ok.ru/group/52095093178455;"Достопримечательности городов!!!!<span class=""ic __inline ic_closed""></span>";"Ѽ☆☆☆☆Ļēřă ĜþāчĕВа√☆☆☆☆Ѽ";Ѽ☆☆☆☆Ļēřă;https://ok.ru/profile/553170498135;37;tatoxokameni;http://mapstore.org/gathering/tatoxokameni;no;;"2017.02.05 13:18:36"
107;https://ok.ru/group/52949183103077;"Гид по Казани";"Мансур Ахметшин";Мансур;https://ok.ru/profile/555829117541;37;xakepalemuso;http://mapstore.org/gathering/xakepalemuso;no;;"2017.02.05 13:18:39"
108;https://ok.ru/group/56499612024892;"Достопримечательности нашей страны";"Karina Sokolova";Karina;https://ok.ru/profile/509446825276;36;nikazazodolu;http://mapstore.org/gathering/nikazazodolu;no;;"2017.02.05 13:18:40"
109;https://ok.ru/group/52560449110214;"Mila MyWay";"Mila MyWay";Mila;https://ok.ru/profile/571503309766;36;nofudoluxuhi;http://mapstore.org/gathering/nofudoluxuhi;no;;"2017.02.05 13:18:41"
110;https://ok.ru/group/52060199452745;"Город Борисов";"Таня Ржеутская(Беланова)";Таня;https://ok.ru/profile/537555653449;36;votepizadega;http://mapstore.org/gathering/votepizadega;no;;"2017.02.05 13:18:42"
111;https://ok.ru/group/54597877891088;"Путешествия по Бразилии";"Виктор Пастухов";Виктор;https://ok.ru/profile/155807189008;36;levizemidoma;http://mapstore.org/gathering/levizemidoma;no;;"2017.02.05 13:18:44"
112;https://ok.ru/group/55554434924590;"Достопримечательности ст. Старомышастовской";"Павел Смирнов";Павел;https://ok.ru/profile/475810383767;35;kufesesibivo;http://mapstore.org/gathering/kufesesibivo;no;;"2017.02.05 13:18:45"
113;https://ok.ru/group/53244232532151;"достопримечательности мира";"™♛Sabir Kaziev♛™";™♛Sabir;https://ok.ru/profile/569793575351;34;zusafudifuba;http://mapstore.org/gathering/zusafudifuba;no;;"2017.02.05 13:18:48"
114;https://ok.ru/group/52557086654543;"Клуб БРИЗ";"Светлана Кучумова (Затомская)";Светлана;https://ok.ru/profile/286926853199;34;girefamibiso;http://mapstore.org/gathering/girefamibiso;no;;"2017.02.05 13:18:49"
115;https://ok.ru/group/52137397387452;"Тайны Мадридского двора - мой туристический проект";"Юлия Федотова";Юлия;https://ok.ru/profile/224729276;33;zihazaruxeba;http://mapstore.org/gathering/zihazaruxeba;no;;"2017.02.05 13:18:51"
116;https://ok.ru/group/53083309211811;"Достопримечательности Санкт-Петербурга";"Владимир Кочетыгов";Владимир;https://ok.ru/profile/48829881763;30;haridopegepe;http://mapstore.org/gathering/haridopegepe;no;;"2017.02.05 13:18:55"
117;https://ok.ru/group/53275814527139;"Мир путешественников";"Александр Варфоломеев";Александр;https://ok.ru/profile/527112722851;30;laxirofodira;http://mapstore.org/gathering/laxirofodira;no;;"2017.02.05 13:18:56"
118;https://ok.ru/group/53013200896180;"Гостиница ""Десна"" г.Брянск";"el kapitan";el;https://ok.ru/profile/532696223156;29;nebisanafame;http://mapstore.org/gathering/nebisanafame;no;;"2017.02.05 13:18:59"
119;https://ok.ru/group/52784544481505;"Достопримечательности Тулы!!!!!!!!!!!!!!!!!!!!!<span class=""ic __inline ic_closed""></span>";"Наталья курохтина";Наталья;https://ok.ru/profile/506678270433;28;vapakamogefu;http://mapstore.org/gathering/vapakamogefu;no;;"2017.02.05 13:19:00"
120;https://ok.ru/group/43692842746083;"Достопримечательности города Самары!<span class=""ic __inline ic_closed""></span>";"Татьяна Ларина";Татьяна;https://ok.ru/profile/178463221223;28;zenatefenese;http://mapstore.org/gathering/zenatefenese;no;;"2017.02.05 13:19:01"
121;https://ok.ru/group/52462933311697;"Отдых в Италии, озеро Болсена";"Светлана Борисова";Светлана;https://ok.ru/profile/53874783185;28;hahikoseteha;http://mapstore.org/gathering/hahikoseteha;no;;"2017.02.05 13:19:03"
122;https://ok.ru/group/57002248241185;"Все города и их достопримечательности!";"Алина Тян";Алина;https://ok.ru/profile/566275961633;27;moxobanalada;http://mapstore.org/gathering/moxobanalada;no;;"2017.02.05 13:19:04"
123;https://ok.ru/group/52147564314841;"Санкт-Петербург и его достопримечательности";"даник жовнер";даник;https://ok.ru/profile/537573072601;26;helumadohefo;http://mapstore.org/gathering/helumadohefo;no;;"2017.02.05 13:19:06"
124;https://ok.ru/group/50787871293613;"достопримечательности Мюнхена";"Р К";Р;https://ok.ru/profile/159703691270;27;duvugadoxuku;http://mapstore.org/gathering/duvugadoxuku;no;;"2017.02.05 13:19:07"
125;https://ok.ru/group/49618948980882;"Достопримечательности!!!Города Оренбурга!!!!!!<span class=""ic __inline ic_closed""></span>";"ВИТАЛИЙ ЮРЬЕВИЧ ПОЛЯНСКИЙ";ВИТАЛИЙ;https://ok.ru/profile/361434781972;26;buzizapegafo;http://mapstore.org/gathering/buzizapegafo;no;;"2017.02.05 13:19:08"
126;https://ok.ru/group/53874479923207;"Достопримечательности Киева, Андреевский спуск";"Podol Hotel";Podol;https://ok.ru/profile/524816534870;26;felipidomuro;http://mapstore.org/gathering/felipidomuro;no;;"2017.02.05 13:19:09"
127;https://ok.ru/group/51697141219485;"Чудеса света !!!!!!!";"Антон Прохоркин";Антон;https://ok.ru/profile/519052399005;26;fokasozopugi;http://mapstore.org/gathering/fokasozopugi;no;;"2017.02.05 13:19:11"
128;https://ok.ru/group/51860902248671;"Кипр. Отдых. Путешествия. Достопримечательности.";"Наталья Беглецова (Колесниченко)";Наталья;https://ok.ru/profile/245331297759;25;zuvaxuvagemu;http://mapstore.org/gathering/zuvaxuvagemu;no;;"2017.02.05 13:19:12"
129;https://ok.ru/group/52779829624993;"Достопримечательности Крыма";"Андрей Минеев";Андрей;https://ok.ru/profile/572887591073;25;vonepaboxito;http://mapstore.org/gathering/vonepaboxito;no;;"2017.02.05 13:19:16"
130;https://ok.ru/group/51220292305040;"Достопримечательности Мира.<span class=""ic __inline ic_closed""></span>";"Виктория Беляева";Виктория;https://ok.ru/profile/527446504080;25;dolosohomave;http://mapstore.org/gathering/dolosohomave;no;;"2017.02.05 13:19:17"
131;https://ok.ru/group/52505254297700;"Эйфелева башня или достопримечательности мира!";"Китик Вертгейм";Китик;https://ok.ru/profile/538839474020;25;dolezufunoga;http://mapstore.org/gathering/dolezufunoga;no;;"2017.02.05 13:19:18"
132;https://ok.ru/group/52055812538436;"Достопримечательности Руси нашей";"Елена Ушакова";Елена;https://ok.ru/profile/522060687684;25;vexorolonome;http://mapstore.org/gathering/vexorolonome;no;;"2017.02.05 13:19:19"
133;https://ok.ru/group/54180750163989;"Достопримечательности России";"Юля Яковенко (Михайлова)";Юля;https://ok.ru/profile/335756216171;24;loxuvohumohi;http://mapstore.org/gathering/loxuvohumohi;no;;"2017.02.05 13:19:23"
134;https://ok.ru/group/52347349434539;"Это Сочи, Детка! (Столица отдыха - Сочи 2014)";"Андрей Кривцун ☺";Андрей;https://ok.ru/profile/562119412139;24;pihadihutari;http://mapstore.org/gathering/pihadihutari;no;;"2017.02.05 13:19:25"
135;https://ok.ru/group/51914310680772;"Достопримечательности нашей планеты";"максим Т)";максим;https://ok.ru/profile/329563877725;23;xagivoremide;http://mapstore.org/gathering/xagivoremide;no;;"2017.02.05 13:19:28"
136;https://ok.ru/group/51173074337985;"Страны мира и их достопримечательности";"Андрей (Анри) Андреев";Андрей;https://ok.ru/profile/523767021224;23;hehobigozita;http://mapstore.org/gathering/hehobigozita;no;;"2017.02.05 13:19:30"
137;https://ok.ru/group/56822589292600;"sights of Belarus-достопримечательности РБелорусии<span class=""ic __inline ic_closed""></span>";"Дина (136ур)";Дина;https://ok.ru/profile/539513318200;23;bazugohasini;http://mapstore.org/gathering/bazugohasini;no;;"2017.02.05 13:19:31"
138;https://ok.ru/group/54382634270730;Welcomerus;"Анатолий Шемякин";Анатолий;https://ok.ru/profile/372061933834;23;gatosubahete;http://mapstore.org/gathering/gatosubahete;no;;"2017.02.05 13:19:32"
139;https://ok.ru/group/52725447000272;ДОСТОПРИМЕЧАТЕЛЬНОСТИ;"рита мигунова";рита;https://ok.ru/profile/457286032592;21;xazunozituku;http://mapstore.org/gathering/xazunozituku;no;;"2017.02.05 13:19:36"
140;https://ok.ru/group/50156370198695;"достопримечательности городов-где живем,гостили,от<span class=""ic __inline ic_closed""></span>";"ВИКТОРИЯ СЛАСТИНА (орлова)";ВИКТОРИЯ;https://ok.ru/profile/343152232521;21;rodifozitudi;http://mapstore.org/gathering/rodifozitudi;no;;"2017.02.05 13:19:37"
141;https://ok.ru/group/52521689415756;"ДОСТОПРИМЕЧАТЕЛЬНОСТИ ГОРОДА КОМРАТА В КАВЧКАХ";"Илья САКАРА";Илья;https://ok.ru/profile/387066011212;21;sanamekikeku;http://mapstore.org/gathering/sanamekikeku;no;;"2017.02.05 13:19:40"
142;https://ok.ru/group/51916328468669;"Экскурсии по СПб";"Соня Минина (Заозерова)";Соня;https://ok.ru/profile/97815443133;21;delukutamumo;http://mapstore.org/gathering/delukutamumo;no;;"2017.02.05 13:19:42"
143;https://ok.ru/group/57457649778736;"Информационный портал города Киева";"Татьяна Паленко";Татьяна;https://ok.ru/profile/581986292016;21;mibegatuhezu;http://mapstore.org/gathering/mibegatuhezu;no;;"2017.02.05 13:19:43"
144;https://ok.ru/group/53027762143465;"Достопримечательности Кировограда";"Лариса Кораблева";Лариса;https://ok.ru/profile/560418694889;20;regusivoxepe;http://mapstore.org/gathering/regusivoxepe;no;;"2017.02.05 13:19:45"
145;https://ok.ru/group/44519559069871;"Достопримечательности Ялты<span class=""ic __inline ic_closed""></span>";"Евгений Калинин";Евгений;https://ok.ru/profile/321016398142;20;dihihofogebi;http://mapstore.org/gathering/dihihofogebi;no;;"2017.02.05 13:19:46"
146;https://ok.ru/group/54540133924881;"Германия: туризм, достопримечательности";"Семен Ли";Семен;https://ok.ru/profile/53676453905;20;kulofimototi;http://mapstore.org/gathering/kulofimototi;no;;"2017.02.05 13:19:47"
147;https://ok.ru/group/53004559646889;"Cyprus Kaleidoscope";"Елена Братушка";Елена;https://ok.ru/profile/566037748137;20;hohexumuhuni;http://mapstore.org/gathering/hohexumuhuni;no;;"2017.02.05 13:19:50"
148;https://ok.ru/group/52318239850653;"Интересный Питер и Ленобласть";"События Питер и Ленобласть";События;https://ok.ru/profile/568504837533;20;pokozigehozi;http://mapstore.org/gathering/pokozigehozi;no;;"2017.02.05 13:19:51"
149;https://ok.ru/group/52016787161164;"Семь чудес Кузбасса";"людмила худякова";людмила;https://ok.ru/profile/552998482508;20;difufukinosi;http://mapstore.org/gathering/difufukinosi;no;;"2017.02.05 13:19:52"
150;https://ok.ru/group/54808942542875;"п.Межгривный и её  достопримечательности.И МОЛОДЁЖ";"Максим Боровик";Максим;https://ok.ru/profile/581181316891;19;malobukiroki;http://mapstore.org/gathering/malobukiroki;no;;"2017.02.05 13:19:56"
151;https://ok.ru/group/52069901205679;"Экскурсии по Львову";"Марта Гатало";Марта;https://ok.ru/profile/564646205871;19;fixegutekugi;http://mapstore.org/gathering/fixegutekugi;no;;"2017.02.05 13:19:59"
152;https://ok.ru/group/53133279297627;"Достопримечательности Крыма";"Антон Вилков";Антон;https://ok.ru/profile/568431257179;18;xibigovoxemu;http://mapstore.org/gathering/xibigovoxemu;no;;"2017.02.05 13:20:03"
153;https://ok.ru/group/53319148044352;"Магнолия тур Сочи - Индивидуальные экскурсии";"Ольга Сердюкова(Саликова)";Ольга;https://ok.ru/profile/341297817152;18;gununumolebo;http://mapstore.org/gathering/gununumolebo;no;;"2017.02.05 13:20:04"
154;https://ok.ru/group/54437242011675;"Архитектура  и достопримечательности планеты.";"Olga Che";Olga;https://ok.ru/profile/559991544859;17;huzovefotefa;http://mapstore.org/gathering/huzovefotefa;no;;"2017.02.05 13:20:10"
155;https://ok.ru/group/54321211834370;"путешествия и достопримечательности";"Полина Пашенцева";Полина;https://ok.ru/profile/569926387970;17;zasuhevibeki;http://mapstore.org/gathering/zasuhevibeki;no;;"2017.02.05 13:20:12"
156;https://ok.ru/group/56354258485288;"красивые места нашей планеты";"Валерий Блинов";Валерий;https://ok.ru/profile/540130087720;17;gugofehidebu;http://mapstore.org/gathering/gugofehidebu;no;;"2017.02.05 13:20:15"
157;https://ok.ru/group/52631817093221;"Достопримечательности со всего мира";"Евгения ̶Stilinski";Евгения;https://ok.ru/profile/519348293733;16;neremuhevaha;http://mapstore.org/gathering/neremuhevaha;no;;"2017.02.05 13:20:16"
158;https://ok.ru/group/50800560504919;AlterGeo;"Ольга Маркова (Сёмина)";Ольга;https://ok.ru/profile/45284828100;16;garelatovaga;http://mapstore.org/gathering/garelatovaga;no;;"2017.02.05 13:20:18"
159;https://ok.ru/group/51915134795944;"Достопримечательности Узбекистана";"ХаЙдАр ХаМдАмОв";ХаЙдАр;https://ok.ru/profile/522187703720;15;himevikesura;http://mapstore.org/gathering/himevikesura;no;;"2017.02.05 13:20:20"
160;https://ok.ru/group/43120356229240;"Достопримечательности вашего города<span class=""ic __inline ic_closed""></span>";"Марина Карташова";Марина;https://ok.ru/profile/246887630085;15;tunoxuvaxile;http://mapstore.org/gathering/tunoxuvaxile;no;;"2017.02.05 13:20:22"
161;https://ok.ru/group/52825245089996;"Туристическая компания ""Семейный чемодан"" Казань";"Наталья Боровкова (Вдовина)";Наталья;https://ok.ru/profile/573990491084;15;naxigalisuvi;http://mapstore.org/gathering/naxigalisuvi;no;;"2017.02.05 13:20:24"
162;https://ok.ru/group/50334140989619;"КрасавецЪ КiевЪ шлетЪ ВамЪ привeтЪ";"Viktoriya Valerievna";Viktoriya;https://ok.ru/profile/174783367694;15;kaxafigumore;http://mapstore.org/gathering/kaxafigumore;no;;"2017.02.05 13:20:25"
163;https://ok.ru/group/52767429689486;"Сайт города Краснодар";"Карина Мишина";Карина;https://ok.ru/profile/573480792974;15;pinibuvidoze;http://mapstore.org/gathering/pinibuvidoze;no;;"2017.02.05 13:20:26"
164;https://ok.ru/group/52139520819279;"Достопримечательности Казани";"Павел Безобразов";Павел;https://ok.ru/profile/169361519439;14;xetohogovasa;http://mapstore.org/gathering/xetohogovasa;no;;"2017.02.05 13:20:27"
165;https://ok.ru/group/45096170815627;"Достопримечательности Санкт-Питербурга<span class=""ic __inline ic_closed""></span>";"Aлександра Лепина";Aлександра;https://ok.ru/profile/262898326094;14;puzasoleduva;http://mapstore.org/gathering/puzasoleduva;no;;"2017.02.05 13:20:31"
166;https://ok.ru/group/53321059991652;"достопримечательности мира";"Настюша Русанова";Настюша;https://ok.ru/profile/554954776932;14;vorumohibabe;http://mapstore.org/gathering/vorumohibabe;no;;"2017.02.05 13:20:32"
167;https://ok.ru/group/47387796963455;"Достопримечательности Всех стран.<span class=""ic __inline ic_closed""></span>";"Викусик ****";Викусик;https://ok.ru/profile/335800568971;14;sexikopunize;http://mapstore.org/gathering/sexikopunize;no;;"2017.02.05 13:20:35"
168;https://ok.ru/group/52328342487160;"Страны мира(путешествия)";"Анна Макарова";Анна;https://ok.ru/profile/536976721603;14;fepekikafafo;http://mapstore.org/gathering/fepekikafafo;no;;"2017.02.05 13:20:39"
169;https://ok.ru/group/52427024564312;"Welcome Tula";"Елена М";Елена;https://ok.ru/profile/277177807704;14;sibomadekuto;http://mapstore.org/gathering/sibomadekuto;no;;"2017.02.05 13:20:40"
170;https://ok.ru/group/51692743098609;"ДОСТОПРИМЕЧАТЕЛЬНОСТИ<span class=""ic __inline ic_closed""></span>";"ԸՆԿԵՐ(ТОВАРИЩ) ՀԱՐՈՒԹՅՈՒՆՅԱՆ(АРУТЮНЯН)";ԸՆԿԵՐ(ТОВАРИЩ);https://ok.ru/profile/406201828108;13;pepaxilaxuhe;http://mapstore.org/gathering/pepaxilaxuhe;no;;"2017.02.05 13:20:42"
171;https://ok.ru/group/53942697394281;"Грузия, Батуми и его достопримечательности";✌;✌;https://ok.ru/profile/553526575465;13;molosihizegi;http://mapstore.org/gathering/molosihizegi;no;;"2017.02.05 13:20:44"
172;https://ok.ru/group/52259315187839;"Достопримечательности города Иванова<span class=""ic __inline ic_closed""></span>";"Егор Литовᵀᴴᴱ ᴼᴿᴵᴳᴵᴻᴬᴸ";Егор;https://ok.ru/profile/522201850293;13;lerohikutuzo;http://mapstore.org/gathering/lerohikutuzo;no;;"2017.02.05 13:20:45"
173;https://ok.ru/group/56206363525167;"Достопримечательности Блинновки";"в р";в;https://ok.ru/profile/536387760135;13;metikarutami;http://mapstore.org/gathering/metikarutami;no;;"2017.02.05 13:20:46"
174;https://ok.ru/group/56023813390389;"Достопримечательности СПб и КГ и КЗ";"Эжешка Самой Сладкой Ванюки";Эжешка;https://ok.ru/profile/520302902488;13;rozobadimofo;http://mapstore.org/gathering/rozobadimofo;no;;"2017.02.05 13:20:47"
175;https://ok.ru/group/54276637655040;"Туризм - Новости - Достопримечательности";"Сергей Иванов";Сергей;https://ok.ru/profile/560353490944;13;fipumisuzile;http://mapstore.org/gathering/fipumisuzile;no;;"2017.02.05 13:20:50"
176;https://ok.ru/group/54082747564041;"село Сокулук: улицы,достопримечательности школы";"Рыжий Кот";Рыжий;https://ok.ru/profile/530930494729;13;nafefivohole;http://mapstore.org/gathering/nafefivohole;no;;"2017.02.05 13:20:51"
177;https://ok.ru/group/53164603146366;"Достопримечательности Петербурга";"Виктория Марфенко";Виктория;https://ok.ru/profile/438136286590;12;zisigugeluku;http://mapstore.org/gathering/zisigugeluku;no;;"2017.02.05 13:20:52"
178;https://ok.ru/group/52940430835817;"Экскурсии в ""Тарханы""";"Павлик =)";Павлик;https://ok.ru/profile/194701071977;12;latenasagule;http://mapstore.org/gathering/latenasagule;no;;"2017.02.05 13:20:53"
179;https://ok.ru/group/53907124781182;"Ханья. Крит - перекресток эпох и дорог!";"Ирина Комарова(Полухина)";Ирина;https://ok.ru/profile/504501120894;24;lefobidubule;http://mapstore.org/gathering/lefobidubule;no;;"2017.02.05 13:20:57"
180;https://ok.ru/group/53882396737760;"Путешествие начинается с одного шага";"Ладыгин Павел";Ладыгин;https://ok.ru/profile/547497505504;11;sopamuxubohi;http://mapstore.org/gathering/sopamuxubohi;no;;"2017.02.05 13:20:58"
181;https://ok.ru/group/52986973847794;"Кино Барнаул. Достопримечательности Барнаула.";"•●❀❀❀ヅ Masha ヅ❀❀❀●•";•●❀❀❀ヅ;https://ok.ru/profile/547366739698;10;vupavulefiba;http://mapstore.org/gathering/vupavulefiba;no;;"2017.02.05 13:21:00"
182;https://ok.ru/group/52476325396658;"Достопримечательности стран";"Виктория Фильянович";Виктория;https://ok.ru/profile/556389384370;10;fafexomohaso;http://mapstore.org/gathering/fafexomohaso;no;;"2017.02.05 13:21:01"
183;https://ok.ru/group/53887883673721;"Достопримечательности Хакасии и города Абакан";"Олег Скабрук";Олег;https://ok.ru/profile/566365558649;10;bopahupavago;http://mapstore.org/gathering/bopahupavago;no;;"2017.02.05 13:21:04"
184;https://ok.ru/group/52846338310248;Достопримечательности;"Лена Иванова";Лена;https://ok.ru/profile/553089884008;10;fozegunedopa;http://mapstore.org/gathering/fozegunedopa;no;;"2017.02.05 13:21:05"
185;https://ok.ru/group/51282913656896;"достопримечательности нашей планеты";"Мария Склизкова";Мария;https://ok.ru/profile/525509193543;10;hapifehezuhe;http://mapstore.org/gathering/hapifehezuhe;no;;"2017.02.05 13:21:06"
186;https://ok.ru/group/54283331174400;"Страны и достопримечательности";"Дарья К";Дарья;https://ok.ru/profile/562370878976;10;tulobokagemi;http://mapstore.org/gathering/tulobokagemi;no;;"2017.02.05 13:21:07"
187;https://ok.ru/group/52373925724340;"Экскурсионная пасека "" Пчелиная Усадьба""";"Татьяна Майорова";Татьяна;https://ok.ru/profile/360569802164;10;huverikumuno;http://mapstore.org/gathering/huverikumuno;no;;"2017.02.05 13:21:10"
188;https://ok.ru/group/53256820555866;"Christmas House Santa Rovaniemi";"Светлана Тарасенко (Лобкова)";Светлана;https://ok.ru/profile/107034826586;10;koveranizuba;http://mapstore.org/gathering/koveranizuba;no;;"2017.02.05 13:21:11"
189;https://ok.ru/group/54600047132701;"Путешествия и туризм! Советы и не только!<span class=""ic __inline ic_closed""></span>";"۞ღ√КоТёНоК нА сНеГу™";۞ღ√КоТёНоК;https://ok.ru/profile/488696889117;10;neforogurake;http://mapstore.org/gathering/neforogurake;no;;"2017.02.05 13:21:12"
190;https://ok.ru/group/52394476568811;"Для жителей Курска";"Игорь Иванов";Игорь;https://ok.ru/profile/528890182123;9;mohuropaniha;http://mapstore.org/gathering/mohuropaniha;no;;"2017.02.05 13:21:15"
191;https://ok.ru/group/54495714082824;ФотоMaster-Полевской;"Станислав Карпов";Станислав;https://ok.ru/profile/192923933192;9;popisipezuzo;http://mapstore.org/gathering/popisipezuzo;no;;"2017.02.05 13:21:17"
192;https://ok.ru/group/52812531695857;"поселок кавалерово и его достопримечательности";"анна ткаченко";анна;https://ok.ru/profile/542689986289;8;mepahulopose;http://mapstore.org/gathering/mepahulopose;no;;"2017.02.05 13:21:19"
193;https://ok.ru/group/52980121993281;"ДоСтОпРиМеЧаТеЛьНоСтИ вСеГо МиРа";"Kyk la";Kyk;https://ok.ru/profile/566474687553;8;lehuvidikoba;http://mapstore.org/gathering/lehuvidikoba;no;;"2017.02.05 13:21:20"
194;https://ok.ru/group/52823340220533;Питер;"Наталья Рыбачко(Алфёрова)";Наталья;https://ok.ru/profile/507288706165;8;gohemevumezo;http://mapstore.org/gathering/gohemevumezo;no;;"2017.02.05 13:21:25"
195;https://ok.ru/group/52264096301120;"Наш доступный мир. Все туры и всё об отдыхе!";"Александр Барков";Александр;https://ok.ru/profile/560566671936;8;hemuzedenehe;http://mapstore.org/gathering/hemuzedenehe;no;;"2017.02.05 13:21:26"
196;https://ok.ru/group/52139515969615;"Достопримечательности Омска";"Павел Безобразов";Павел;https://ok.ru/profile/169361519439;7;xetebohelimu;http://mapstore.org/gathering/xetebohelimu;no;;"2017.02.05 13:21:27"
197;https://ok.ru/group/53217801273574;"достопримечательности( Казани)";"Алина Гарифуллина";Алина;https://ok.ru/profile/566890699238;7;teteroxudeta;http://mapstore.org/gathering/teteroxudeta;no;;"2017.02.05 13:21:29"
198;https://ok.ru/group/45732035559497;"Достопримечательности  городов.<span class=""ic __inline ic_closed""></span>";"Неля Хачатурян";Неля;https://ok.ru/profile/328919527880;7;pumagomadeka;http://mapstore.org/gathering/pumagomadeka;no;;"2017.02.05 13:21:30"
199;https://ok.ru/group/54286645461019;"Достопримечательности России";"Артём Гончаренко";Артём;https://ok.ru/profile/526031325826;7;dolifulufadu;http://mapstore.org/gathering/dolifulufadu;no;;"2017.02.05 13:21:31"
200;https://ok.ru/group/52288219381963;"Harbin Pro - Расширенная информация от Гуру";"Кирил Олегович";Кирил;https://ok.ru/profile/568473535691;7;xasalifukodo;http://mapstore.org/gathering/xasalifukodo;no;;"2017.02.05 13:21:35"
201;https://ok.ru/group/52288222396619;"Hangzhou Pro - Расширенная информация от Гуру";"Кирил Олегович";Кирил;https://ok.ru/profile/568473535691;7;losixarusamu;http://mapstore.org/gathering/losixarusamu;no;;"2017.02.05 13:21:36"
202;https://ok.ru/group/51789845561550;еМосква;"Andrew Andreew";Andrew;https://ok.ru/profile/557871127246;7;xutabuvuzobe;http://mapstore.org/gathering/xutabuvuzobe;no;;"2017.02.05 13:21:37"
203;https://ok.ru/group/53566707335294;"Путешествуя по Украине";"Натали В";Натали;https://ok.ru/profile/458294708862;7;dakividedutu;http://mapstore.org/gathering/dakividedutu;no;;"2017.02.05 13:21:39"
204;https://ok.ru/group/51095568842896;"Достопримечательности России<span class=""ic __inline ic_closed""></span>";"ιllιlιl Juli ιllιlιl";ιllιlιl;https://ok.ru/profile/520250935186;6;xizomineheme;http://mapstore.org/gathering/xizomineheme;no;;"2017.02.05 13:21:44"
205;https://ok.ru/group/54047898992766;"достопримечательности мира";"вера анатольевна";вера;https://ok.ru/profile/568491000702;6;hekexepanune;http://mapstore.org/gathering/hekexepanune;no;;"2017.02.05 13:21:45"
206;https://ok.ru/group/52148422639692;"Города и их достопримечательности.";"პპპპКристина პპპპ";პპპპКристина;https://ok.ru/profile/555709133900;6;kipileleteze;http://mapstore.org/gathering/kipileleteze;no;;"2017.02.05 13:21:46"
207;https://ok.ru/group/54424684658702;"Достопримечательности Пинчуги.";"лера додонова";лера;https://ok.ru/profile/575093009678;6;tipaxalalole;http://mapstore.org/gathering/tipaxalalole;no;;"2017.02.05 13:21:49"
208;https://ok.ru/group/50850764488769;Достопримечателности;"MaShKa ПоЗиТиФчИк";MaShKa;https://ok.ru/profile/473841909750;6;duhoxuzelisu;http://mapstore.org/gathering/duhoxuzelisu;no;;"2017.02.05 13:21:50"
209;https://ok.ru/group/53755658961020;"Мини-отель ""Блиц""";"Ольга Илларионова";Ольга;https://ok.ru/profile/555378610556;6;xafomaxeriki;http://mapstore.org/gathering/xafomaxeriki;no;;"2017.02.05 13:21:51"
210;https://ok.ru/group/54157145079808;"Гостиница ""SV"" в Челябинске.";"Andrey Makeev";Andrey;https://ok.ru/profile/558045852160;6;potumahifiga;http://mapstore.org/gathering/potumahifiga;no;;"2017.02.05 13:21:55"
211;https://ok.ru/group/52097641349321;"Достопримечательности Кыргызстана";"Зинаида Вайгант";Зинаида;https://ok.ru/profile/426934677449;5;lahosupoboki;http://mapstore.org/gathering/lahosupoboki;no;;"2017.02.05 13:21:56"
212;https://ok.ru/group/51734681682065;"Достопримечательности городов";"♛Ч♥☺У☻♣Д♥♣О)) )☺♥☻♛)))))))))";♛Ч♥☺У☻♣Д♥♣О));https://ok.ru/profile/558111539345;5;vetivadivule;http://mapstore.org/gathering/vetivadivule;no;;"2017.02.05 13:21:57"
213;https://ok.ru/group/52288206012619;"Changchun Pro - Расширенная информация от Гуру";"Кирил Олегович";Кирил;https://ok.ru/profile/568473535691;5;boxahagogimu;http://mapstore.org/gathering/boxahagogimu;no;;"2017.02.05 13:22:00"
214;https://ok.ru/group/52288216694987;"Hong-Kong Pro - Расширенная информация от Гуру";"Кирил Олегович";Кирил;https://ok.ru/profile/568473535691;5;laritazohoga;http://mapstore.org/gathering/laritazohoga;no;;"2017.02.05 13:22:01"
215;https://ok.ru/group/52288213745867;"Qingdao Pro - Расширенная информация от Гуру";"Кирил Олегович";Кирил;https://ok.ru/profile/568473535691;5;venoguzerumu;http://mapstore.org/gathering/venoguzerumu;no;;"2017.02.05 13:22:02"
216;https://ok.ru/group/52288217874635;"Xian Pro - Расширенная информация от Гуру";"Кирил Олегович";Кирил;https://ok.ru/profile/568473535691;5;xoradafifuzu;http://mapstore.org/gathering/xoradafifuzu;no;;"2017.02.05 13:22:04"
217;https://ok.ru/group/51667709722844;Итаптур;"Irina Maistruc";Irina;https://ok.ru/profile/481961893084;5;vurasugigofi;http://mapstore.org/gathering/vurasugigofi;no;;"2017.02.05 13:22:05"
218;https://ok.ru/group/51656488583306;"Путешествия и туризм с travel.biletyplus.ru";"Николай Нестерович";Николай;https://ok.ru/profile/456751981962;5;tasibalutadu;http://mapstore.org/gathering/tasibalutadu;no;;"2017.02.05 13:22:07"
219;https://ok.ru/group/51194173980752;"ШвейЦАРСКИЙ ОТДЫХ";"Вадим Парижский";Вадим;https://ok.ru/profile/530548446413;5;femedikuluda;http://mapstore.org/gathering/femedikuluda;no;;"2017.02.05 13:22:09"
220;https://ok.ru/group/52353139671240;"Достопримечательности мира своими руками";"Алина Сокольникова";Алина;https://ok.ru/profile/547283926728;4;vepadomuzaku;http://mapstore.org/gathering/vepadomuzaku;no;;"2017.02.05 13:22:12"
221;https://ok.ru/group/50683498791106;"Д.Г.Т. Достопримечательности города Томск!";"ღ (ړײ) Алинаღ (ړײ)супер";ღ;https://ok.ru/profile/437854943831;4;koxatabuhihe;http://mapstore.org/gathering/koxatabuhihe;no;;"2017.02.05 13:22:13"
222;https://ok.ru/group/51904412057778;"достопримечательности мира<span class=""ic __inline ic_closed""></span>";"Анна Скицкая";Анна;https://ok.ru/profile/528446514098;4;xikenilisumu;http://mapstore.org/gathering/xikenilisumu;no;;"2017.02.05 13:22:15"
223;https://ok.ru/group/50941188047037;"Достопримечательности мира<span class=""ic __inline ic_closed""></span>";"ОнА с 05 РеГиОнА";ОнА;https://ok.ru/profile/470082352074;4;tusodasitoni;http://mapstore.org/gathering/tusodasitoni;no;;"2017.02.05 13:22:16"
224;https://ok.ru/group/53006892728447;"Достопримечательности г. Ставрополя.";"Павел Хаванов";Павел;https://ok.ru/profile/515150899839;4;sudoxibehozu;http://mapstore.org/gathering/sudoxibehozu;no;;"2017.02.05 13:32:55"
225;https://ok.ru/group/52995550347369;"Достопримечательности Ижевска";"валерий дюпин";валерий;https://ok.ru/profile/552742226281;4;fikutizamegu;http://mapstore.org/gathering/fikutizamegu;no;;"2017.02.05 13:32:56"
226;https://ok.ru/group/52980034306152;достопримечательности;;;https://ok.ru/profile/514296037480;4;xixovafizeku;http://mapstore.org/gathering/xixovafizeku;no;;"2017.02.05 13:32:57"
227;https://ok.ru/group/52211641811022;Достопримечательности;"Елена Венгер";Елена;https://ok.ru/profile/559189782094;4;tefadaxenebe;http://mapstore.org/gathering/tefadaxenebe;no;;"2017.02.05 13:32:58"
228;https://ok.ru/group/56874607837222;"Достопримечательности,много,много......<span class=""ic __inline ic_closed""></span>";"Ангелина Попрушко";Ангелина;https://ok.ru/profile/532264247590;4;takelifedazu;http://mapstore.org/gathering/takelifedazu;no;;"2017.02.05 13:32:59"
229;https://ok.ru/group/54917467537436;"достопримечательности мира";"Зоя Баранова (Забелина)";Зоя;https://ok.ru/profile/571119245852;4;gapakubahafe;http://mapstore.org/gathering/gapakubahafe;no;;"2017.02.05 13:33:02"
230;https://ok.ru/group/52929375174669;"гоRoda &amp; DoстопRимечаТельНоsTи";"тАнЮшА кИпRиянОва";тАнЮшА;https://ok.ru/profile/359382102231;4;harukofasila;http://mapstore.org/gathering/harukofasila;no;;"2017.02.05 13:33:05"
231;https://ok.ru/group/52541071163584;"COSTA AZUL";"Дмитрий Семенюк";Дмитрий;https://ok.ru/profile/564006685888;4;zimapidonozu;http://mapstore.org/gathering/zimapidonozu;no;;"2017.02.05 13:33:09"
232;https://ok.ru/group/52288221216971;"Wuhan Pro - Расширенная информация от Гуру";"Кирил Олегович";Кирил;https://ok.ru/profile/568473535691;4;pubufehihuho;http://mapstore.org/gathering/pubufehihuho;no;;"2017.02.05 13:33:11"
233;https://ok.ru/group/53430390161535;"О Твери и не только...";"Виталий Сердюк";Виталий;https://ok.ru/profile/173178585727;4;pevevemutuze;http://mapstore.org/gathering/pevevemutuze;no;;"2017.02.05 13:33:13"
234;https://ok.ru/group/52939485741176;"Харьков ждет гостей!";"Наталия Панкова";Наталия;https://ok.ru/profile/29273549432;4;lafusavedufe;http://mapstore.org/gathering/lafusavedufe;no;;"2017.02.05 13:33:14"
235;https://ok.ru/group/57365914255397;"Хочу в отпуск!";"Дарья Полякова";Дарья;https://ok.ru/profile/547166828069;4;derihudukuga;http://mapstore.org/gathering/derihudukuga;no;;"2017.02.05 13:33:16"
236;https://ok.ru/group/50906181599453;"Достопримечательности городов России.<span class=""ic __inline ic_closed""></span>";;;https://ok.ru/profile/520302882124;3;fozuruhazizo;http://mapstore.org/gathering/fozuruhazizo;no;;"2017.02.05 13:33:17"
237;https://ok.ru/group/52910887469304;"Достопримечательности Волжского";"Маруся Шлапак";Маруся;https://ok.ru/profile/517648030968;3;puxosaxumoho;http://mapstore.org/gathering/puxosaxumoho;no;;"2017.02.05 13:33:18"
238;https://ok.ru/group/52717742588070;"достопримечательности горного Чарыша";"ЭвиТОчКа Мартынова";ЭвиТОчКа;https://ok.ru/profile/573438889894;3;nepuhobimuka;http://mapstore.org/gathering/nepuhobimuka;no;;"2017.02.05 13:33:20"
239;https://ok.ru/group/53162717741177;"Достопримечательности села-Долгово!";"Марина Онуфрийчук";Марина;https://ok.ru/profile/558868705913;3;xodudanoxiko;http://mapstore.org/gathering/xodudanoxiko;no;;"2017.02.05 13:33:23"
240;https://ok.ru/group/52276935131204;"достопримечательности Барнаула";"Настя Толокольникова";Настя;https://ok.ru/profile/528612859972;3;nemuvosidehe;http://mapstore.org/gathering/nemuvosidehe;no;;"2017.02.05 13:33:25"
241;https://ok.ru/group/52209751752890;"Посетить местные достопримечательности<span class=""ic __inline ic_closed""></span>";"Светлана Садовская( Мухина)";Светлана;https://ok.ru/profile/143814407610;3;besihapasodu;http://mapstore.org/gathering/besihapasodu;no;;"2017.02.05 13:33:26"
242;https://ok.ru/group/52115401080916;"Достопримечательности Сардинии";"Сардиния Гид Экскурсии";Сардиния;https://ok.ru/profile/554864368468;3;tomodukoduru;http://mapstore.org/gathering/tomodukoduru;no;;"2017.02.05 13:33:27"
243;https://ok.ru/group/56801754021927;"Самые красивые города и их достопримечательности";"♥ღ♥ღ♥ღ  про 100 НиКа♥ღ♥ღ♥ღ";♥ღ♥ღ♥ღ;https://ok.ru/profile/574154278183;3;nekopozoxofa;http://mapstore.org/gathering/nekopozoxofa;no;;"2017.02.05 13:33:30"
244;https://ok.ru/group/53849503236103;"достопримечательности природы";"❄ ❅ ❆Марина Романова❄ ❅ ❆";❄;https://ok.ru/profile/515412932852;3;tokimikeboxa;http://mapstore.org/gathering/tokimikeboxa;no;;"2017.02.05 13:33:31"
245;https://ok.ru/group/52937657811124;"Наш Туризм в России";"Виталий Иванов";Виталий;https://ok.ru/profile/569732779188;3;petodirotage;http://mapstore.org/gathering/petodirotage;no;;"2017.02.05 13:33:35"
246;https://ok.ru/group/54600200749083;"Discover UK";"Таня Mакслоу";Таня;https://ok.ru/profile/272619492891;3;radivesobafi;http://mapstore.org/gathering/radivesobafi;no;;"2017.02.05 13:33:37"
247;https://ok.ru/group/54574283227156;"3D страна";"3Д Страна";3Д;https://ok.ru/profile/572649831700;3;nisihosuxipu;http://mapstore.org/gathering/nisihosuxipu;no;;"2017.02.05 13:33:39"
248;https://ok.ru/group/53520729047277;"достопримечательности аркадака";"ар ка дак";ар;https://ok.ru/profile/570358080493;2;zepogufuzelu;http://mapstore.org/gathering/zepogufuzelu;no;;"2017.02.05 13:33:40"
249;https://ok.ru/group/53054032969972;"Достопримечательности России";"михаил агафонов";михаил;https://ok.ru/profile/543814070004;2;mamigizobohe;http://mapstore.org/gathering/mamigizobohe;no;;"2017.02.05 13:33:41"
250;https://ok.ru/group/51646492049653;"достопримечательности  мира";"дима левченко";дима;https://ok.ru/profile/472018458878;2;kagenogibohe;http://mapstore.org/gathering/kagenogibohe;no;;"2017.02.05 13:33:42"
251;https://ok.ru/group/53099277320398;"Наш любимый Тирасполь ( достопримечательности )";"MaX2005 0";MaX2005;https://ok.ru/profile/565763295438;2;pifisilasusu;http://mapstore.org/gathering/pifisilasusu;no;;"2017.02.05 13:33:44"
252;https://ok.ru/group/52158455415003;"достопримечательности России";"Катя Яковлева";Катя;https://ok.ru/profile/559794663643;2;lorilutoxuzi;http://mapstore.org/gathering/lorilutoxuzi;no;;"2017.02.05 13:33:45"
253;https://ok.ru/group/50717648027868;"Достопримечательности света";"Антон Гурков";Антон;https://ok.ru/profile/481683440187;2;taboxebitadi;http://mapstore.org/gathering/taboxebitadi;no;;"2017.02.05 13:33:46"
254;https://ok.ru/group/52205599719585;"достопримечательности мира";"Данил Печенев";Данил;https://ok.ru/profile/567042381729;2;sirihikodugi;http://mapstore.org/gathering/sirihikodugi;no;;"2017.02.05 13:33:47"
255;https://ok.ru/group/51823887581333;"Достопримечательности всего мира";"Алексей Борисевич";Алексей;https://ok.ru/profile/524681194901;2;xagubahokene;http://mapstore.org/gathering/xagubahokene;no;;"2017.02.05 13:33:49"
256;https://ok.ru/group/51605299331205;"Символы и достопримечательности России...";"Pablo Bond";Pablo;https://ok.ru/profile/557024454789;2;ritisuzihoxi;http://mapstore.org/gathering/ritisuzihoxi;no;;"2017.02.05 13:33:50"
257;https://ok.ru/group/52934223593575;"Достопримечательности ПМР";"Sasha Andreeva";Sasha;https://ok.ru/profile/493214989159;2;behagiramuzi;http://mapstore.org/gathering/behagiramuzi;no;;"2017.02.05 13:33:51"
258;https://ok.ru/group/52136145256522;достопримечательности;"ღ♥ஐ๑♥CAKURAღ♥ஐ๑♥ VERONIKA";ღ♥ஐ๑♥CAKURAღ♥ஐ๑♥;https://ok.ru/profile/542425288522;2;dehipurelisa;http://mapstore.org/gathering/dehipurelisa;no;;"2017.02.05 13:33:52"
259;https://ok.ru/group/51815616872536;ДОСТОПРИМЕЧАТЕЛЬНОСТИ;"Ильмир Баткаев";Ильмир;https://ok.ru/profile/504968947544;2;hopikidesemu;http://mapstore.org/gathering/hopikidesemu;no;;"2017.02.05 13:33:53"
260;https://ok.ru/group/56755834781741;"Армения-достопримечательности.<span class=""ic __inline ic_closed""></span>";"ღМустанг☜♡☞ Злая Любовьღ";ღМустанг☜♡☞;https://ok.ru/profile/573197390381;2;vadebavahanu;http://mapstore.org/gathering/vadebavahanu;no;;"2017.02.05 13:33:55"
261;https://ok.ru/group/56749479297087;"Козловка и ее достопримечательности";"DiAnKa OnLiNe";DiAnKa;https://ok.ru/profile/544155374911;2;xeferulupalu;http://mapstore.org/gathering/xeferulupalu;no;;"2017.02.05 13:33:56"
262;https://ok.ru/group/55198305419290;"Еду в Геленджик. Экскурсии. Достопримечательности.";"Марина Сашина";Марина;https://ok.ru/profile/589265743386;2;mihevofoxezu;http://mapstore.org/gathering/mihevofoxezu;no;;"2017.02.05 13:33:57"
263;https://ok.ru/group/53162816962649;"Интересные места - Wikipoints";"Дмитрий Кривчиков";Дмитрий;https://ok.ru/profile/568688844889;2;folobirimire;http://mapstore.org/gathering/folobirimire;no;;"2017.02.05 13:34:32"
264;https://ok.ru/group/52198449217601;"ИДиС-Тур туристическая компания";"Василь Печенько";Василь;https://ok.ru/profile/559233885505;2;hufudisasene;http://mapstore.org/gathering/hufudisasene;no;;"2017.02.05 13:34:36"
265;https://ok.ru/group/54904290738190;"Тольятти 3D, Виртуальные туры в Тольятти";"Илья Стульнев";Илья;https://ok.ru/profile/583461880846;2;zapexehafote;http://mapstore.org/gathering/zapexehafote;no;;"2017.02.05 13:34:37"
266;https://ok.ru/group/54660448059392;"Путеводитель по Кыму";"Игорь Фадеев";Игорь;https://ok.ru/profile/561476151296;2;hitoxibaladi;http://mapstore.org/gathering/hitoxibaladi;no;;"2017.02.05 13:34:38"
267;https://ok.ru/group/54032929456379;"КРЫМ-отдых, достопримечательности<span class=""ic __inline ic_closed""></span>";"Лено чка";Лено;https://ok.ru/profile/505451097083;1;posedepalele;http://mapstore.org/gathering/posedepalele;no;;"2017.02.05 13:34:41"
268;https://ok.ru/group/52090027704558;"достопримечательности России";"Константин Носов";Константин;https://ok.ru/profile/519066750184;1;pololezoroli;http://mapstore.org/gathering/pololezoroli;no;;"2017.02.05 13:34:43"
269;https://ok.ru/group/53016941297881;"Евпатория достопримечательности памятники";"ленара дмитриева";ленара;https://ok.ru/profile/328912374233;1;fisipodanono;http://mapstore.org/gathering/fisipodanono;no;;"2017.02.05 13:34:44"
270;https://ok.ru/group/52120588189845;"достопримечательности,интересные места,сТроицкого";"Тимофей злобин";Тимофей;https://ok.ru/profile/566251444885;1;batikatuvare;http://mapstore.org/gathering/batikatuvare;no;;"2017.02.05 13:34:48"
271;https://ok.ru/group/52065600209048;"Достопримечательности Дагестана";"Brodjaga ★™";Brodjaga;https://ok.ru/profile/558565794712;1;lovakenirebe;http://mapstore.org/gathering/lovakenirebe;no;;"2017.02.05 13:34:49"
272;https://ok.ru/group/51916830408843;"Достопримечательности мира";"♫ღ ♫ОлЬгА ♫ღ ♫ БлАшЕнЦеВа ♫ღ ♫";♫ღ;https://ok.ru/profile/562320840843;1;balixugudaki;http://mapstore.org/gathering/balixugudaki;no;;"2017.02.05 13:34:50"
273;https://ok.ru/group/54261115256958;ДОСТОПРИМЕЧАТЕЛЬНОСТИ;"ЯРМ АРКА";ЯРМ;https://ok.ru/profile/569835983998;1;fakahagorasu;http://mapstore.org/gathering/fakahagorasu;no;;"2017.02.05 13:34:52"
274;https://ok.ru/group/54228370456688;"Беер-Шева. Достопримечательности";"Leonid Beershevskiiyy";Leonid;https://ok.ru/profile/569751032176;1;hemunifirifi;http://mapstore.org/gathering/hemunifirifi;no;;"2017.02.05 13:34:53"
275;https://ok.ru/group/54228369408112;"Беер-Шева. Достопримечательности";"Leonid Beershevskiiyy";Leonid;https://ok.ru/profile/569751032176;1;nelolobivepa;http://mapstore.org/gathering/nelolobivepa;no;;"2017.02.05 13:34:54"
276;https://ok.ru/group/53034371580028;"Достопримечательности и моря различных стран";"Yana V";Yana;https://ok.ru/profile/538435038588;1;lutaxidetife;http://mapstore.org/gathering/lutaxidetife;no;;"2017.02.05 13:34:55"
277;https://ok.ru/group/52925563404393;"интерррресные вещички и достопримечательности";"Полина Бахтенова";Полина;https://ok.ru/profile/555152986729;1;devoxahilobo;http://mapstore.org/gathering/devoxahilobo;no;;"2017.02.05 13:34:56"
278;https://ok.ru/group/51693548929125;достопримечательности;"Евгения Анисимова";Евгения;https://ok.ru/profile/464153392403;1;lakemukusabo;http://mapstore.org/gathering/lakemukusabo;no;;"2017.02.05 13:34:59"
279;https://ok.ru/group/53307831418955;"САХАЛИН: достопримечательности";;;https://ok.ru/profile/553125748811;1;ravipusokile;http://mapstore.org/gathering/ravipusokile;no;;"2017.02.05 13:35:01"
280;https://ok.ru/group/52591301034066;"Балахтинские достопримечательности";"ДОЛГОВ МИХАИЛ";ДОЛГОВ;https://ok.ru/profile/563234815314;1;porukosovabe;http://mapstore.org/gathering/porukosovabe;no;;"2017.02.05 13:35:02"
281;https://ok.ru/group/52149121515598;"Достопримечательности мира";"Сергей Шишкин";Сергей;https://ok.ru/profile/528540401742;1;bigopelekepu;http://mapstore.org/gathering/bigopelekepu;no;;"2017.02.05 13:35:04"
282;https://ok.ru/group/52128408338503;"Достопримечательности мира";"александр карпов";александр;https://ok.ru/profile/552684762951;1;gerivatitila;http://mapstore.org/gathering/gerivatitila;no;;"2017.02.05 13:35:05"
283;https://ok.ru/group/51963313127507;"Достопримечательности мира!";"Кристина Степанова";Кристина;https://ok.ru/profile/510624151635;1;gaxagulelobu;http://mapstore.org/gathering/gaxagulelobu;no;;"2017.02.05 13:35:06"
284;https://ok.ru/group/43697196367961;"Легенды Дагестана и достопримечательности.<span class=""ic __inline ic_closed""></span>";"Макс Эмиров";Макс;https://ok.ru/profile/271399169080;1;xefarofudolu;http://mapstore.org/gathering/xefarofudolu;no;;"2017.02.05 13:35:08"
285;https://ok.ru/group/56912347660338;"достопримечательности Лондона<span class=""ic __inline ic_closed""></span>";"Елизавета Рыжова";Елизавета;https://ok.ru/profile/537250321714;1;velososuxoba;http://mapstore.org/gathering/velososuxoba;no;;"2017.02.05 13:35:10"
286;https://ok.ru/group/55235286859797;"Достопримечательности Беэр-Шевы";"Leonid Beershevskyy";Leonid;https://ok.ru/profile/589810357013;1;rilabibutedi;http://mapstore.org/gathering/rilabibutedi;no;;"2017.02.05 13:35:11"
287;https://ok.ru/group/55222966747153;"достопримечательности<span class=""ic __inline ic_closed""></span>";"Ольга Стекольщикова - Чилигина";Ольга;https://ok.ru/profile/580453685009;1;zehabobuzino;http://mapstore.org/gathering/zehabobuzino;no;;"2017.02.05 13:35:12"
288;https://ok.ru/group/55033705136158;"Города и Достопримечательности !";"Юляша Москолёва";Юляша;https://ok.ru/profile/574301644062;1;geraxokidora;http://mapstore.org/gathering/geraxokidora;no;;"2017.02.05 13:35:14"
289;https://ok.ru/group/54667395727363;"Страны и достопримечательности";"Елизавета Полоусова";Елизавета;https://ok.ru/profile/542984071683;1;fobuvakulozi;http://mapstore.org/gathering/fobuvakulozi;no;;"2017.02.05 13:35:15"
290;https://ok.ru/group/53923665870879;"Достопримечательности Костромы и Костромской облас";"Мариша Полянцева(Корелова)";Мариша;https://ok.ru/profile/452205037472;26;lukemubofoxa;http://mapstore.org/gathering/lukemubofoxa;no;;"2017.02.05 13:35:23"
291;https://ok.ru/group/51288883003462;"Достопримечательности обильного края с.Кызылтан";"Амур Тимиров";Амур;https://ok.ru/profile/530086635075;24;herezemazibu;http://mapstore.org/gathering/herezemazibu;no;;"2017.02.05 13:35:25"
292;https://ok.ru/group/53787691712528;"достопримечательности деревни Ново-Шаймурзино";"ФАНИЛЬ ГАЙНЕТДИНОВ";ФАНИЛЬ;https://ok.ru/profile/340461858141;23;perabomipusa;http://mapstore.org/gathering/perabomipusa;no;;"2017.02.05 13:35:26"
293;https://ok.ru/group/51590931349715;"Достопримечательности Казахстанских городов";"Валентина Процевская (Реммих)";Валентина;https://ok.ru/profile/509394097107;20;sotulovovibu;http://mapstore.org/gathering/sotulovovibu;no;;"2017.02.05 13:35:27"
294;https://ok.ru/group/55019584815121;"Любимый город Тула и её достопримечательности";"София Никольская";София;https://ok.ru/profile/573907357969;13;tixoxunikepe;http://mapstore.org/gathering/tixoxunikepe;no;;"2017.02.05 13:35:28"
295;https://ok.ru/group/50868352057517;"достопримечательности Москвы";"Ксюша Берестова";Ксюша;https://ok.ru/profile/509291965282;12;vatixinihelo;http://mapstore.org/gathering/vatixinihelo;no;;"2017.02.05 13:35:29"
296;https://ok.ru/group/51685091442767;"Достопримечательности Дорогобужа";"Александр Белоусов";Александр;https://ok.ru/profile/506144431439;12;xekotepitiho;http://mapstore.org/gathering/xekotepitiho;no;;"2017.02.05 13:35:31"
297;https://ok.ru/group/51315036454998;"Достопримечательности  города &lt;Aсино&gt;";"R)-( Artyom )-(Я";R)-(;https://ok.ru/profile/533312096911;9;luhoduduxulo;http://mapstore.org/gathering/luhoduduxulo;no;;"2017.02.05 13:35:32"
298;https://ok.ru/group/52906127917290;"Краков и его достопримечательности";"Елена Захаренко";Елена;https://ok.ru/profile/120518121194;8;lukofolaboxo;http://mapstore.org/gathering/lukofolaboxo;no;;"2017.02.05 13:35:33"
299;https://ok.ru/group/52099982622930;"достопримечательности нашего города";"Абуль Вахаб";Абуль;https://ok.ru/profile/561104535506;7;bikozoninofi;http://mapstore.org/gathering/bikozoninofi;no;;"2017.02.05 13:35:34"
300;https://ok.ru/group/43731065307312;"Достопримечательности<span class=""ic __inline ic_closed""></span>";"Елена Франк";Елена;https://ok.ru/profile/118461758408;8;remifukotoku;http://mapstore.org/gathering/remifukotoku;no;;"2017.02.05 13:35:35"
301;https://ok.ru/group/52732156182622;достопримечательности;"Алина Кутняк";Алина;https://ok.ru/profile/561762017630;8;modilugimigi;http://mapstore.org/gathering/modilugimigi;no;;"2017.02.05 13:35:37"
302;https://ok.ru/group/52272430055556;"""ДОСТОПРИМЕЧАТЕЛЬНОСТИ"" Комсомольска-на-Амуре";"Данил Момот";Данил;https://ok.ru/profile/569066471556;7;govonuhahuri;http://mapstore.org/gathering/govonuhahuri;no;;"2017.02.05 13:35:38"
303;https://ok.ru/group/52823523786985;"достопримечательности<span class=""ic __inline ic_closed""></span>";"Виктория Вешневецкая";Виктория;https://ok.ru/profile/558303665129;6;rabiselabipi;http://mapstore.org/gathering/rabiselabipi;no;;"2017.02.05 13:35:39"
304;https://ok.ru/group/54041507790873;"Достопримечательности города   Кемерово";"Ильсия Зулькафирова";Ильсия;https://ok.ru/profile/524351975175;6;muvulakotake;http://mapstore.org/gathering/muvulakotake;no;;"2017.02.05 13:35:40"
305;https://ok.ru/group/52774906363974;лес,животные,достопримечателности,РОССИИ;"★☆zlatik☆★ PeTrUk";★☆zlatik☆★;https://ok.ru/profile/564910303046;6;fomimavafuru;http://mapstore.org/gathering/fomimavafuru;no;;"2017.02.05 13:35:42"
306;https://ok.ru/group/52297227501697;"Достопримечательности приморского края";"Елена Лена";Елена;https://ok.ru/profile/560483712641;5;habenotanoxu;http://mapstore.org/gathering/habenotanoxu;no;;"2017.02.05 13:35:43"
307;https://ok.ru/group/51677207920786;"Кольцовские Достопримечательности";"Valentin Kishkevih";Valentin;https://ok.ru/profile/557713580434;5;tepiluvireba;http://mapstore.org/gathering/tepiluvireba;no;;"2017.02.05 13:35:44"
308;https://ok.ru/group/54397143547928;"достопримечательности города щёкино";"Александр Тюлюбаев";Александр;https://ok.ru/profile/548494579480;5;muhovumazili;http://mapstore.org/gathering/muhovumazili;no;;"2017.02.05 13:35:46"
309;https://ok.ru/group/56847127543853;"Мой город";"Яна Лагутенко";Яна;https://ok.ru/profile/575082175789;5;genovirorega;http://mapstore.org/gathering/genovirorega;no;;"2017.02.05 13:35:49"
310;https://ok.ru/group/51782545768673;"достопримечательности мира";"ВИКА ИЛЬИНА";ВИКА;https://ok.ru/profile/515634444262;4;faruloxupeli;http://mapstore.org/gathering/faruloxupeli;no;;"2017.02.05 13:35:52"
311;https://ok.ru/group/50589890379980;"Достопримечательности город ОМСКА";"Юлия Лизогуб(Костюченко)";Юлия;https://ok.ru/profile/436116385027;3;funamurofaka;http://mapstore.org/gathering/funamurofaka;no;;"2017.02.05 13:35:56"
312;https://ok.ru/group/53285046714540;"Интересный Китай и его достопримечательности.";"даниил гадицкий";даниил;https://ok.ru/profile/566848569772;3;parehukixage;http://mapstore.org/gathering/parehukixage;no;;"2017.02.05 13:35:57"
313;https://ok.ru/group/51269374116031;"Наши достопримечательности!";"Ольга Цветникова";Ольга;https://ok.ru/profile/539142064405;3;tadekitilepu;http://mapstore.org/gathering/tadekitilepu;no;;"2017.02.05 13:36:00"
314;https://ok.ru/group/50753239187638;"ДОСТОПРИМЕЧАТЕЛЬНОСТИ КУБАНИ";"Евгений Доценко";Евгений;https://ok.ru/profile/343644634053;3;geneluluxaga;http://mapstore.org/gathering/geneluluxaga;no;;"2017.02.05 13:36:01"
315;https://ok.ru/group/51782273073290;"Фотографии достопримечательности Лёвихи 2010";"Полина Гуганова(Достойнина)";Полина;https://ok.ru/profile/478994592650;3;xiropubebasi;http://mapstore.org/gathering/xiropubebasi;no;;"2017.02.05 13:36:02"
316;https://ok.ru/group/53339093270649;"Памятники, монументы и др. достопримечательности";"Дима Цопа";Дима;https://ok.ru/profile/468242274425;3;rixavizatima;http://mapstore.org/gathering/rixavizatima;no;;"2017.02.05 13:36:03"
317;https://ok.ru/group/51953355587689;достопримечательности;"LeraLeraLera Mohova";LeraLeraLera;https://ok.ru/profile/513051939982;3;ludexenuzapi;http://mapstore.org/gathering/ludexenuzapi;no;;"2017.02.05 13:36:04"
318;https://ok.ru/group/51722307502198;"достопримечательности Кувасая";"валентина симонова(Гардеева)";валентина;https://ok.ru/profile/490153384613;3;boxatomigena;http://mapstore.org/gathering/boxatomigena;no;;"2017.02.05 13:36:06"
319;https://ok.ru/group/52805664505922;"штат Миссури США   достопримечательности";"Veniamin Afanasyuk";Veniamin;https://ok.ru/profile/349468629058;3;xifodotimuvi;http://mapstore.org/gathering/xifodotimuvi;no;;"2017.02.05 13:36:07"
320;https://ok.ru/group/49481952723008;"Достопримечательности Геленджика<span class=""ic __inline ic_closed""></span>";"Надежда Журавлева";Надежда;https://ok.ru/profile/331753207214;3;hegenotilore;http://mapstore.org/gathering/hegenotilore;no;;"2017.02.05 13:36:08"
321;https://ok.ru/group/56283113586744;"ДОСТОПРИМЕЧАТЕЛЬНОСТИ г.БУЙНАКСК";"Ильяс Алиев";Ильяс;https://ok.ru/profile/534621812536;3;karimepetobu;http://mapstore.org/gathering/karimepetobu;no;;"2017.02.05 13:36:09"
322;https://ok.ru/group/55483059863610;"Италия и её достопримечательности";"Ольга Бурцева-Лазуко";Ольга;https://ok.ru/profile/446414398174;3;huhosaguniga;http://mapstore.org/gathering/huhosaguniga;no;;"2017.02.05 13:36:11"
323;https://ok.ru/group/53361781113059;"Томские достопримечательности)))";"Татьяна Кондрашкина";Татьяна;https://ok.ru/profile/568715074019;2;guporevulinu;http://mapstore.org/gathering/guporevulinu;no;;"2017.02.05 13:36:12"
324;https://ok.ru/group/52021064302778;"достопримечательности села ищеино И брянцево";"сергей Чернышов";сергей;https://ok.ru/profile/557557355194;2;sahitehadovu;http://mapstore.org/gathering/sahitehadovu;no;;"2017.02.05 13:36:13"
325;https://ok.ru/group/50789923225785;"ДоСтОпРиМеЧаТеЛьНоСтИ РоСсИи!!!";"Марк Асхаев";Марк;https://ok.ru/profile/468985081814;2;tatemuhozuho;http://mapstore.org/gathering/tatemuhozuho;no;;"2017.02.05 13:36:14"
326;https://ok.ru/group/52042276077699;"тамбовские достопримечательности";"Слепцов Александр";Слепцов;https://ok.ru/profile/517475687811;2;fapiralegovu;http://mapstore.org/gathering/fapiralegovu;no;;"2017.02.05 13:36:15"
327;https://ok.ru/group/54048325107826;"""Достопримечательности "" родного села .";"Madina ........";Madina;https://ok.ru/profile/568600624498;2;zabasuvizosi;http://mapstore.org/gathering/zabasuvizosi;no;;"2017.02.05 13:36:16"
328;https://ok.ru/group/52078496710739;"достопримечательности Полузорья";"КРИСТАЛ Полузорье";КРИСТАЛ;https://ok.ru/profile/554168930131;2;radozigapuse;http://mapstore.org/gathering/radozigapuse;no;;"2017.02.05 13:36:18"
329;https://ok.ru/group/51942566658135;"Достопримечательности России";"убийца из тьмы";убийца;https://ok.ru/profile/547383602263;2;xanavedomave;http://mapstore.org/gathering/xanavedomave;no;;"2017.02.05 13:36:19"
330;https://ok.ru/group/56796333342761;"Достопримечательности Хакасии или где отдохнуть в<span class=""ic __inline ic_closed""></span>";"Юлия Тетенова(Малышева)";Юлия;https://ok.ru/profile/172910242601;2;bosukilumipi;http://mapstore.org/gathering/bosukilumipi;no;;"2017.02.05 13:36:20"
331;https://ok.ru/group/56329457500199;"Достопримечательности Камянца-Подольского";"ssss даяна mmmm 123456";ssss;https://ok.ru/profile/484425420327;2;zopipesimere;http://mapstore.org/gathering/zopipesimere;no;;"2017.02.05 13:36:21"
332;https://ok.ru/group/56011187421227;"Достопримечательности  Израиль";"СЕРГЕЙ Богословский";СЕРГЕЙ;https://ok.ru/profile/116747063292;2;rodaxukupaxu;http://mapstore.org/gathering/rodaxukupaxu;no;;"2017.02.05 13:36:23"
333;https://ok.ru/group/52938066559222;"достопримечательности Губкина";"Ирина Бычкова(Тимакова)";Ирина;https://ok.ru/profile/541828239350;1;mexuvilohahu;http://mapstore.org/gathering/mexuvilohahu;no;;"2017.02.05 13:36:33"
334;https://ok.ru/group/51984609706229;"достопримечательности мира";"Ivan Plakhotnik";Ivan;https://ok.ru/profile/522909136094;1;kuluhafuvebo;http://mapstore.org/gathering/kuluhafuvebo;no;;"2017.02.05 13:36:34"
335;https://ok.ru/group/51882434035854;"Достопримечательности г. Нерчинск";"Эдуард и Татьяна Зенковы";Эдуард;https://ok.ru/profile/518027269774;1;fepolisuvovo;http://mapstore.org/gathering/fepolisuvovo;no;;"2017.02.05 13:36:36"
336;https://ok.ru/group/53942587162740;"достопримечательности сумы";"Александр Петраков";Александр;https://ok.ru/profile/553434342004;1;demekogosona;http://mapstore.org/gathering/demekogosona;no;;"2017.02.05 13:36:38"
337;https://ok.ru/group/51592938914026;"достопримечательности липецкой области";"ирина пушкарева";ирина;https://ok.ru/profile/450549432317;1;soxixugahuvo;http://mapstore.org/gathering/soxixugahuvo;no;;"2017.02.05 13:36:40"
338;https://ok.ru/group/52587148280005;"достопримечательности иркутска";"Vadim Gerasimov";Vadim;https://ok.ru/profile/564888202949;1;kipafivesepa;http://mapstore.org/gathering/kipafivesepa;no;;"2017.02.05 13:36:42"
339;https://ok.ru/group/52538095763664;"достопримечательности Славгорода<span class=""ic __inline ic_closed""></span>";"不要去Даня Придущенко然后嵌入";不要去Даня;https://ok.ru/profile/566521893328;1;butometazosu;http://mapstore.org/gathering/butometazosu;no;;"2017.02.05 13:36:43"
340;https://ok.ru/group/52492226855114;"достопримечательности стран";"ЌǻŧƳǻ Ĝ";ЌǻŧƳǻ;https://ok.ru/profile/567818100682;1;puzutunakahi;http://mapstore.org/gathering/puzutunakahi;no;;"2017.02.05 13:36:45"
341;https://ok.ru/group/52223628869852;"Достопримечательности всего мира!";"♥ ♠K♦ ♣ ";♥;https://ok.ru/profile/561253856476;1;naselekifago;http://mapstore.org/gathering/naselekifago;no;;"2017.02.05 13:36:46"
342;https://ok.ru/group/51967413584079;"достопримечательности россии";"МАРИЯ АХМЕТОВА";МАРИЯ;https://ok.ru/profile/547039234767;1;latesihemefe;http://mapstore.org/gathering/latesihemefe;no;;"2017.02.05 13:36:47"
343;https://ok.ru/group/51895944675543;"достопримечательности бердянска";"ксюша олейник";ксюша;https://ok.ru/profile/557831287511;1;dokitizerona;http://mapstore.org/gathering/dokitizerona;no;;"2017.02.05 13:36:49"
344;https://ok.ru/group/51791474655434;"достопримечательности города Гусь-Хрустальный";"Камила Бандолова";Камила;https://ok.ru/profile/557917801162;1;bunazovevoti;http://mapstore.org/gathering/bunazovevoti;no;;"2017.02.05 13:36:50"
345;https://ok.ru/group/51433646981318;Памятники,достопримечательности;"Павел Данилов";Павел;https://ok.ru/profile/521691834822;1;faxokavetavi;http://mapstore.org/gathering/faxokavetavi;no;;"2017.02.05 13:36:52"
346;https://ok.ru/group/53423153479841;"достопримечательности Курской области.";"Римма Широбокова (Коновалоаа)";Римма;https://ok.ru/profile/578655936161;1;toviminihase;http://mapstore.org/gathering/toviminihase;no;;"2017.02.05 13:36:53"
347;https://ok.ru/group/52746896277686;"карловы вары достопримечательности";"Абдул Малик";Абдул;https://ok.ru/profile/570839022006;1;virofihenaxu;http://mapstore.org/gathering/virofihenaxu;no;;"2017.02.05 13:36:55"
348;https://ok.ru/group/52089584025791;"достопримечательности  мира";"♥ ღஐ ВиКуСя";♥;https://ok.ru/profile/555012497599;1;gohuzanoxige;http://mapstore.org/gathering/gohuzanoxige;no;;"2017.02.05 13:36:56"
349;https://ok.ru/group/52089584091327;"достопримечательности  мира";"♥ ღஐ ВиКуСя";♥;https://ok.ru/profile/555012497599;1;vovavilobake;http://mapstore.org/gathering/vovavilobake;no;;"2017.02.05 13:36:58"
350;https://ok.ru/group/52033686012088;"Моя родина и ее достопримечательности<span class=""ic __inline ic_closed""></span>";"светлана шевченко павлусь";светлана;https://ok.ru/profile/559923228344;1;nonatizugeza;http://mapstore.org/gathering/nonatizugeza;no;;"2017.02.05 13:36:59"
351;https://ok.ru/group/51794037506229;"достопримечательности всего мира.";"Эмма (Гермиона) Уотсон не клон";Эмма;https://ok.ru/profile/547242537909;1;kixezanovixo;http://mapstore.org/gathering/kixezanovixo;no;;"2017.02.05 13:37:00"
352;https://ok.ru/group/50839874437306;"Достопримечательности г Актау";"Светлана Куксина-Потапова";Светлана;https://ok.ru/profile/354380663072;1;zekakogukoza;http://mapstore.org/gathering/zekakogukoza;no;;"2017.02.05 13:37:01"
353;https://ok.ru/group/51785774727299;достопримечательности;"Сергей Волович";Сергей;https://ok.ru/profile/348839815811;1;fudefanirisi;http://mapstore.org/gathering/fudefanirisi;no;;"2017.02.05 13:37:04"
354;https://ok.ru/group/51668278509713;"Достопримечательности моего села Белогорское:-))";"Катюшка Сундукова";Катюшка;https://ok.ru/profile/555986243217;1;neliredopiru;http://mapstore.org/gathering/neliredopiru;no;;"2017.02.05 13:37:05"
355;https://ok.ru/group/50483890421914;"Достопримечательности села";"Инна Иконникова(Туранова)";Инна;https://ok.ru/profile/506188823262;1;fuvipoposodu;http://mapstore.org/gathering/fuvipoposodu;no;;"2017.02.05 13:37:06"
356;https://ok.ru/group/50369982562438;"Достопримечательности города Улан-Удэ";"Nastasya (Give me happiness)";Nastasya;https://ok.ru/profile/362724931529;1;tokedazohebu;http://mapstore.org/gathering/tokedazohebu;no;;"2017.02.05 13:37:08"
357;https://ok.ru/group/53223620739174;"Достопримечательности мира";"Анна Мартиросян";Анна;https://ok.ru/profile/511666591334;1;rapenefodugo;http://mapstore.org/gathering/rapenefodugo;no;;"2017.02.05 13:37:09"
358;https://ok.ru/group/53223365869680;"Достопримечательности мира";"Иван Калинин";Иван;https://ok.ru/profile/560336898928;1;somimohegope;http://mapstore.org/gathering/somimohegope;no;;"2017.02.05 13:37:11"
359;https://ok.ru/group/52979479150698;"Достопримечательности Брянской обл.";"Владимир Закарюкин";Владимир;https://ok.ru/profile/554413245802;1;rozuzavofivo;http://mapstore.org/gathering/rozuzavofivo;no;;"2017.02.05 13:37:12"
360;https://ok.ru/group/52876304777314;"достопримечательности крыма";"Гаяна Л М";Гаяна;https://ok.ru/profile/537533953890;1;rulozonolafu;http://mapstore.org/gathering/rulozonolafu;no;;"2017.02.05 13:37:14"
361;https://ok.ru/group/52473711558763;"Достопримечательности города Каракол";"ОЛЬГА БЕЛЕНКО";ОЛЬГА;https://ok.ru/profile/537585441387;1;pidubogohare;http://mapstore.org/gathering/pidubogohare;no;;"2017.02.05 13:37:15"
362;https://ok.ru/group/53175164600398;"достопримечательности Читы";"Сергей Некрасов";Сергей;https://ok.ru/profile/366650837582;1;gixexodotilo;http://mapstore.org/gathering/gixexodotilo;no;;"2017.02.05 13:37:17"
363;https://ok.ru/group/52884080689225;"достопримечательности Гамбурга";"Олег Дмитренко";Олег;https://ok.ru/profile/558999289673;1;dulixikizila;http://mapstore.org/gathering/dulixikizila;no;;"2017.02.05 13:37:18"
364;https://ok.ru/group/57963520327742;"ДОСТОПРИМЕЧАТЕЛЬНОСТИ  ВСЕГО МИРА";"Юля Трачук";Юля;https://ok.ru/profile/535404093246;1;disitesuvoko;http://mapstore.org/gathering/disitesuvoko;no;;"2017.02.05 13:37:22"
365;https://ok.ru/group/57559495147561;"достопримечательности гатчины";"Алена Уланова";Алена;https://ok.ru/profile/576779530281;1;lilexoxaseno;http://mapstore.org/gathering/lilexoxaseno;no;;"2017.02.05 13:37:23"
366;https://ok.ru/group/57559705649208;"достопримечательности турку";"Милана Сергеева";Милана;https://ok.ru/profile/582234090552;1;xufukixifovu;http://mapstore.org/gathering/xufukixifovu;no;;"2017.02.05 13:37:24"
367;https://ok.ru/group/57248238075964;"Достопримечательности  посёлка Яр";"дарья ушакова";дарья;https://ok.ru/profile/577969521724;1;bizugerosavo;http://mapstore.org/gathering/bizugerosavo;no;;"2017.02.05 13:37:25"
368;https://ok.ru/group/56562296684601;"Достопримечательности Пермского края";"Светлана Улитина (Кузнецова)";Светлана;https://ok.ru/profile/542064664377;1;voridagadixe;http://mapstore.org/gathering/voridagadixe;no;;"2017.02.05 13:37:27"
369;https://ok.ru/group/55908828446782;"новороссийск и достопримечательности";"александр пиги";александр;https://ok.ru/profile/538103684867;1;zutamofigali;http://mapstore.org/gathering/zutamofigali;no;;"2017.02.05 13:37:28"
370;https://ok.ru/group/54939455062033;"достопримечательности коней";"Екатерина Ярина";Екатерина;https://ok.ru/profile/576088437009;1;kabafurapepo;http://mapstore.org/gathering/kabafurapepo;no;;"2017.02.05 13:37:29"
371;https://ok.ru/group/54917467209756;"достопримечательности мира";"Зоя Баранова (Забелина)";Зоя;https://ok.ru/profile/571119245852;1;murihixelomu;http://mapstore.org/gathering/murihixelomu;no;;"2017.02.05 13:37:30"
372;https://ok.ru/group/54589260300317;"красивые места и достопримечательности";"Светлана Ковалева";Светлана;https://ok.ru/profile/573152748573;1;lilorubaxada;http://mapstore.org/gathering/lilorubaxada;no;;"2017.02.05 13:37:32"
373;https://ok.ru/group/54680869994496;"достопримечательности москвы";"татьяна кардаш";татьяна;https://ok.ru/profile/557671014144;1;vodibofipubu;http://mapstore.org/gathering/vodibofipubu;no;;"2017.02.05 13:37:34"
374;https://ok.ru/group/54429331881994;"Достопримечательности мира";"Толик Яровой";Толик;https://ok.ru/profile/563109220618;1;ludosirafaso;http://mapstore.org/gathering/ludosirafaso;no;;"2017.02.05 13:37:35"
375;https://ok.ru/group/52197712199778;"Arhitektura, Muzei, Dostoprimechatel'nosti Londona";"Татьяна Смыковская";Татьяна;https://ok.ru/profile/513625046858;1;putofekafuni;http://mapstore.org/gathering/putofekafuni;no;;"2017.02.05 13:46:52"
376;https://ok.ru/group/52774906232902;лес,животные,достопримечателности,РОССИИ;"★☆zlatik☆★ PeTrUk";★☆zlatik☆★;https://ok.ru/profile/564910303046;1;rugatataketi;http://mapstore.org/gathering/rugatataketi;no;;"2017.02.05 13:46:53"
377;https://ok.ru/group/52919442473079;Фотошоп;"Кирилл Худобин";Кирилл;https://ok.ru/profile/550858433911;1;zikolehadase;http://mapstore.org/gathering/zikolehadase;no;;"2017.02.05 13:46:57"
378;https://ok.ru/group/42742147186811;"ОМИЧИ<span class=""ic __inline ic_closed""></span>";"KONA N";KONA;https://ok.ru/profile/17092277322;19389;kamizuboteri;http://mapstore.org/gathering/kamizuboteri;no;;"2017.02.05 13:47:13"
379;https://ok.ru/group/56653094060084;"Хроники губернского города.Самара";"Алексей Шакиров";Алексей;https://ok.ru/profile/350435393076;10171;kisorigobihi;http://mapstore.org/gathering/kisorigobihi;no;;"2017.02.05 13:47:24"
380;https://ok.ru/group/50245738102818;"Германия - с любовью!<span class=""ic __inline ic_closed""></span>";"Алла Плетнева (Запорожец)";Алла;https://ok.ru/profile/785180622;8867;timupefuhone;http://mapstore.org/gathering/timupefuhone;no;;"2017.02.05 13:47:29"
381;https://ok.ru/group/52039799603373;"ИСТОРИЯ ВМФ.ПРИГЛАШАЕМ В ГРУППУ ВСЕХ !";"Мишель Городец";Мишель;https://ok.ru/profile/563777405357;8691;pivesizaxosi;http://mapstore.org/gathering/pivesizaxosi;no;;"2017.02.05 13:47:30"
382;https://ok.ru/group/55465987670060;"Марий Эл -12й регион<span class=""ic __inline ic_closed""></span>";"Валентина Самушкина";Валентина;https://ok.ru/profile/352813118739;8680;fugenisebafo;http://mapstore.org/gathering/fugenisebafo;no;;"2017.02.05 13:47:32"
383;https://ok.ru/group/53950112596077;"TOUR-GREECE - Путеводитель по Греции";"Нядя Белостоцкая";Нядя;https://ok.ru/profile/559737259117;7123;lepoxavipove;http://mapstore.org/gathering/lepoxavipove;no;;"2017.02.05 13:47:38"
384;https://ok.ru/group/55194426408990;"Живописные портреты на заказ, маслом и карандашом!";"Картины Портреты маслом и карандашом";Картины;https://ok.ru/profile/571517628702;6214;folalaroduvo;http://mapstore.org/gathering/folalaroduvo;no;;"2017.02.05 13:47:40"
385;https://ok.ru/group/54582064513030;"ЭКСКУРСИИ ПО ГРУЗИИ.ИНФОРМАЦИЯ ДЛЯ ТУРИСТОВ!";"Эдуард Батуми Мика";Эдуард;https://ok.ru/profile/575506016006;5967;kixesazakise;http://mapstore.org/gathering/kixesazakise;no;;"2017.02.05 13:47:43"
386;https://ok.ru/group/51827040518301;"Я и мой родной посёлок Матвеев Курган";"Николай Гапоненко";Николай;https://ok.ru/profile/525537812381;5100;risehinihuno;http://mapstore.org/gathering/risehinihuno;no;;"2017.02.05 13:47:47"
387;https://ok.ru/group/52094979932368;"Отель Тепло Владивосток";"Хостел Барбадос";Хостел;https://ok.ru/profile/562779775696;4981;dahezaverori;http://mapstore.org/gathering/dahezaverori;no;;"2017.02.05 13:47:48"
388;https://ok.ru/group/57092263706660;"Изысканный мебельный тур в Китай";"Владимир Быстров";Владимир;https://ok.ru/profile/167243357297;4877;vomefemovaba;http://mapstore.org/gathering/vomefemovaba;no;;"2017.02.05 13:47:49"
389;https://ok.ru/group/52684228853843;"ОТДЫХ НА ЧЕРНОМОРСКОМ ПОБЕРЕЖЬЕ";"Радует жизнь";Радует;https://ok.ru/profile/564476146771;4570;ripunaroguve;http://mapstore.org/gathering/ripunaroguve;no;;"2017.02.05 13:47:54"
390;https://ok.ru/group/54605293355008;"Городской портал Санкт-Петербурга";"Константин Доброхотов";Константин;https://ok.ru/profile/555997207296;4512;dononafetonu;http://mapstore.org/gathering/dononafetonu;no;;"2017.02.05 13:47:55"
391;https://ok.ru/group/52748763922556;"Буй и Буйский район-вчера,сегодня,завтра,навсегда.";"Евгений Ларичев";Евгений;https://ok.ru/profile/592118908;3573;xusofovuhisu;http://mapstore.org/gathering/xusofovuhisu;no;;"2017.02.05 13:48:03"
392;https://ok.ru/group/53047797678331;"Ижевск и Удмуртия";"Люблю Удмуртию";Люблю;https://ok.ru/profile/540978372091;2974;nemohezebifi;http://mapstore.org/gathering/nemohezebifi;no;;"2017.02.05 13:48:09"
393;https://ok.ru/group/42904726667344;"Bella Italia<span class=""ic __inline ic_closed""></span>";"Александр Смаглий";Александр;https://ok.ru/profile/86466269773;2964;revizikulapi;http://mapstore.org/gathering/revizikulapi;no;;"2017.02.05 13:48:12"
